DateTime,OpenValue,CloseValue,HighValue,LowValue,Volume,ChangeRate,成交额,振幅,涨跌幅,涨跌额
2022-05-16,1.009,1.002,1.011,0.997,2192587,40.74,219926505.0,1.38,-0.99,-0.01
2022-05-17,1.0,0.996,1.002,0.988,400467,7.53,39782813.0,1.4,-0.6,-0.006
2022-05-18,0.995,1.003,1.011,0.993,805172,14.96,80827257.0,1.81,0.7,0.007
2022-05-19,1.0,1.016,1.017,0.988,620798,11.54,62558829.0,2.89,1.3,0.013
2022-05-20,1.02,1.025,1.035,1.019,382810,7.11,39291758.0,1.57,0.89,0.009
2022-05-23,1.025,1.018,1.028,1.013,260509,4.9,26506937.0,1.46,-0.68,-0.007
2022-05-24,1.018,0.996,1.026,0.994,356808,6.71,36223925.0,3.14,-2.16,-0.022
2022-05-25,0.995,1.026,1.026,0.991,359967,6.76,36275893.0,3.51,3.01,0.03
2022-05-26,1.031,1.03,1.038,1.02,394164,7.41,40573805.0,1.75,0.39,0.004
2022-05-27,1.03,1.027,1.037,1.02,348441,6.55,35861182.0,1.65,-0.29,-0.003
2022-05-30,1.022,1.033,1.033,1.022,326660,6.14,33598664.0,1.07,0.58,0.006
2022-05-31,1.033,1.047,1.051,1.031,319712,6.01,33311996.0,1.94,1.36,0.014
2022-06-01,1.044,1.044,1.047,1.03,248404,4.62,25826230.0,1.62,-0.29,-0.003
2022-06-02,1.042,1.037,1.045,1.033,285635,5.31,29652215.0,1.15,-0.67,-0.007
2022-06-06,1.024,1.046,1.046,1.024,316472,5.88,32765114.0,2.12,0.87,0.009
2022-06-07,1.046,1.04,1.052,1.035,305874,5.75,31895845.0,1.63,-0.57,-0.006
2022-06-08,1.039,1.051,1.057,1.035,355547,6.61,37252606.0,2.12,1.06,0.011
2022-06-09,1.057,1.044,1.063,1.041,323247,6.01,34089169.0,2.09,-0.67,-0.007
2022-06-10,1.043,1.061,1.062,1.03,304058,5.65,32141393.0,3.07,1.63,0.017
2022-06-13,1.041,1.037,1.061,1.028,293044,5.45,30430194.0,3.11,-2.26,-0.024
2022-06-14,1.035,1.049,1.05,1.02,205171,3.81,21282893.0,2.89,1.16,0.012
2022-06-15,1.049,1.046,1.056,1.038,321679,5.98,33583740.0,1.72,-0.29,-0.003
2022-06-16,1.043,1.039,1.049,1.037,302936,5.69,31574406.0,1.15,-0.67,-0.007
2022-06-17,1.039,1.045,1.045,1.032,291927,5.42,30310027.0,1.25,0.58,0.006
2022-06-20,1.045,1.06,1.067,1.041,278155,5.17,29385007.0,2.49,1.44,0.015
2022-06-21,1.064,1.066,1.072,1.056,308166,5.73,32776363.0,1.51,0.57,0.006
2022-06-22,1.071,1.049,1.072,1.048,311641,5.79,33007381.0,2.25,-1.59,-0.017
2022-06-23,1.042,1.054,1.055,1.037,299332,5.56,31218197.0,1.72,0.48,0.005
2022-06-24,1.054,1.053,1.057,1.046,291171,5.41,30607690.0,1.04,-0.09,-0.001
2022-06-27,1.054,1.05,1.054,1.043,225877,4.2,23691534.0,1.04,-0.28,-0.003
2022-06-28,1.05,1.064,1.065,1.05,322344,6.06,34057948.0,1.43,1.33,0.014
2022-06-29,1.067,1.053,1.067,1.05,289278,5.44,30479965.0,1.6,-1.03,-0.011
2022-06-30,1.053,1.055,1.071,1.049,311065,5.78,32826651.0,2.09,0.19,0.002
2022-07-01,1.059,1.075,1.082,1.058,314651,5.85,33860749.0,2.27,1.9,0.02
2022-07-04,1.073,1.102,1.103,1.065,365328,6.79,39954262.0,3.53,2.51,0.027
2022-07-05,1.11,1.103,1.119,1.096,351145,6.53,38884126.0,2.09,0.09,0.001
2022-07-06,1.106,1.099,1.122,1.091,257563,4.79,28395537.0,2.81,-0.36,-0.004
2022-07-07,1.092,1.119,1.127,1.092,327271,6.08,36531805.0,3.18,1.82,0.02
2022-07-08,1.147,1.121,1.147,1.109,293919,5.46,32763723.0,3.4,0.18,0.002
2022-07-11,1.126,1.13,1.142,1.122,384356,7.22,43584242.0,1.78,0.8,0.009
2022-07-12,1.11,1.134,1.152,1.11,441964,8.21,50289056.0,3.72,0.35,0.004
2022-07-13,1.132,1.151,1.152,1.119,391022,7.35,44498668.0,2.91,1.5,0.017
2022-07-14,1.152,1.12,1.152,1.116,413253,7.68,46443845.0,3.13,-2.69,-0.031
2022-07-15,1.117,1.107,1.121,1.105,376799,7.08,41944180.0,1.43,-1.16,-0.013
2022-07-18,1.107,1.138,1.139,1.107,363510,6.76,40948817.0,2.89,2.8,0.031
2022-07-19,1.138,1.122,1.14,1.114,268303,4.99,30115273.0,2.28,-1.41,-0.016
2022-07-20,1.122,1.12,1.128,1.109,289183,5.43,32267275.0,1.69,-0.18,-0.002
2022-07-21,1.115,1.096,1.12,1.095,322646,6.0,35612216.0,2.23,-2.14,-0.024
2022-07-22,1.097,1.096,1.107,1.087,308466,5.73,33857931.0,1.82,0.0,0.0
2022-07-25,1.096,1.075,1.101,1.071,273217,5.13,29485210.0,2.74,-1.92,-0.021
2022-07-26,1.076,1.075,1.079,1.063,275789,5.13,29554812.0,1.49,0.0,0.0
2022-07-27,1.075,1.074,1.079,1.067,249589,4.64,26719350.0,1.12,-0.09,-0.001
2022-07-28,1.08,1.076,1.122,1.071,341123,6.34,36820288.0,4.75,0.19,0.002
2022-07-29,1.076,1.079,1.098,1.071,378080,7.11,41106385.0,2.51,0.28,0.003
2022-08-01,1.076,1.07,1.079,1.057,356999,6.63,37968321.0,2.04,-0.83,-0.009
2022-08-02,1.066,1.03,1.066,1.019,327992,6.1,33836655.0,4.39,-3.74,-0.04
2022-08-03,1.03,1.019,1.045,1.018,316495,5.95,32686461.0,2.62,-1.07,-0.011
2022-08-04,1.019,1.038,1.039,1.019,350457,6.51,36168582.0,1.96,1.86,0.019
2022-08-05,1.043,1.045,1.045,1.026,303003,5.63,31253554.0,1.83,0.67,0.007
2022-08-08,1.045,1.056,1.058,1.034,272376,5.06,28620385.0,2.3,1.05,0.011
2022-08-09,1.055,1.052,1.058,1.047,226919,4.22,23870203.0,1.04,-0.38,-0.004
2022-08-10,1.05,1.043,1.051,1.036,258517,4.8,26894625.0,1.43,-0.86,-0.009
2022-08-11,1.043,1.057,1.057,1.043,262520,4.88,27645181.0,1.34,1.34,0.014
2022-08-12,1.058,1.07,1.075,1.054,314652,5.85,33623466.0,1.99,1.23,0.013
2022-08-15,1.07,1.083,1.086,1.068,329902,6.13,35456422.0,1.68,1.21,0.013
2022-08-16,1.092,1.095,1.1,1.088,335729,6.24,36694772.0,1.11,1.11,0.012
2022-08-17,1.097,1.112,1.117,1.097,335085,6.23,37114765.0,1.83,1.55,0.017
2022-08-18,1.112,1.091,1.115,1.088,381846,7.1,42034558.0,2.43,-1.89,-0.021
2022-08-19,1.088,1.133,1.139,1.08,396268,7.36,43695557.0,5.41,3.85,0.042
2022-08-22,1.134,1.125,1.148,1.123,411687,7.65,46664111.0,2.21,-0.71,-0.008
2022-08-23,1.125,1.142,1.148,1.118,357562,6.64,40556677.0,2.67,1.51,0.017
2022-08-24,1.14,1.117,1.141,1.114,312666,5.81,35265196.0,2.36,-2.19,-0.025
2022-08-25,1.12,1.132,1.135,1.113,295499,5.49,33215576.0,1.97,1.34,0.015
2022-08-26,1.132,1.129,1.145,1.117,309966,5.76,35052476.0,2.47,-0.27,-0.003
2022-08-29,1.103,1.124,1.127,1.103,284578,5.35,31823281.0,2.13,-0.44,-0.005
2022-08-30,1.135,1.109,1.135,1.102,273832,5.15,30450064.0,2.94,-1.33,-0.015
2022-08-31,1.097,1.089,1.114,1.086,222588,4.18,24353192.0,2.52,-1.8,-0.02
2022-09-01,1.075,1.08,1.1,1.075,261060,4.85,28471117.0,2.3,-0.83,-0.009
2022-09-02,1.08,1.094,1.111,1.08,197753,3.67,21697734.0,2.87,1.3,0.014
2022-09-05,1.092,1.112,1.115,1.088,294254,5.47,32517076.0,2.47,1.65,0.018
2022-09-06,1.115,1.136,1.138,1.103,464446,8.63,52223769.0,3.15,2.16,0.024
2022-09-07,1.131,1.157,1.158,1.122,396891,7.38,45222202.0,3.17,1.85,0.021
2022-09-08,1.166,1.158,1.18,1.147,384286,7.14,44756043.0,2.85,0.09,0.001
2022-09-09,1.158,1.154,1.166,1.144,383181,7.12,44252634.0,1.9,-0.35,-0.004
2022-09-13,1.155,1.133,1.158,1.132,354865,6.59,40360496.0,2.25,-1.82,-0.021
2022-09-14,1.112,1.116,1.132,1.112,294742,5.48,32966131.0,1.77,-1.5,-0.017
2022-09-15,1.122,1.096,1.128,1.087,362386,6.73,39943940.0,3.67,-1.79,-0.02
2022-09-16,1.086,1.057,1.094,1.057,358001,6.65,38471148.0,3.38,-3.56,-0.039
2022-09-19,1.057,1.047,1.057,1.032,280013,5.2,29303583.0,2.37,-0.95,-0.01
2022-09-20,1.048,1.053,1.06,1.048,279432,5.19,29444771.0,1.15,0.57,0.006
2022-09-21,1.052,1.071,1.076,1.043,344174,6.4,36618883.0,3.13,1.71,0.018
2022-09-22,1.07,1.068,1.07,1.056,291169,5.47,31045476.0,1.31,-0.28,-0.003
2022-09-23,1.068,1.052,1.074,1.047,250909,4.66,26577484.0,2.53,-1.5,-0.016
2022-09-26,1.043,1.035,1.051,1.033,286575,5.33,29940893.0,1.71,-1.62,-0.017
2022-09-27,1.035,1.039,1.044,1.024,306403,5.76,31656262.0,1.93,0.39,0.004
2022-09-28,1.039,1.016,1.044,1.014,280930,5.29,28740076.0,2.89,-2.21,-0.023
2022-09-29,1.02,1.009,1.024,1.003,273630,5.08,27758190.0,2.07,-0.69,-0.007
2022-09-30,0.996,1.009,1.016,0.996,305563,5.68,30906621.0,1.98,0.0,0.0
2022-10-10,1.008,1.009,1.023,1.005,203098,3.77,20631762.0,1.78,0.0,0.0
2022-10-11,1.009,1.043,1.044,1.006,303624,5.64,31256671.0,3.77,3.37,0.034
2022-10-12,1.035,1.059,1.061,1.025,378476,7.03,39253182.0,3.45,1.53,0.016
2022-10-13,1.061,1.07,1.075,1.049,285191,5.3,30314127.0,2.46,1.04,0.011
2022-10-14,1.071,1.077,1.079,1.067,283121,5.26,30432631.0,1.12,0.65,0.007
2022-10-17,1.077,1.071,1.078,1.051,265169,4.93,28252414.0,2.51,-0.56,-0.006
2022-10-18,1.075,1.073,1.083,1.069,294519,5.47,31637313.0,1.31,0.19,0.002
2022-10-19,1.071,1.057,1.075,1.057,349515,6.5,37285359.0,1.68,-1.49,-0.016
2022-10-20,1.056,1.046,1.06,1.045,242356,4.5,25456544.0,1.42,-1.04,-0.011
2022-10-21,1.044,1.062,1.075,1.044,258483,4.8,27569054.0,2.96,1.53,0.016
2022-10-24,1.063,1.046,1.069,1.04,153161,2.85,16155626.0,2.73,-1.51,-0.016
2022-10-25,1.048,1.053,1.056,1.037,255587,4.8,26831446.0,1.82,0.67,0.007
2022-10-26,1.05,1.058,1.064,1.05,210336,3.91,22253689.0,1.33,0.47,0.005
2022-10-27,1.057,1.027,1.057,1.026,352600,6.63,36519193.0,2.93,-2.93,-0.031
2022-10-28,1.028,0.995,1.028,0.99,292132,5.43,29495844.0,3.7,-3.12,-0.032
2022-10-31,0.993,0.99,0.999,0.98,251230,4.72,24908872.0,1.91,-0.5,-0.005
2022-11-01,0.99,1.005,1.005,0.986,297259,5.52,29561668.0,1.92,1.52,0.015
2022-11-02,1.002,1.005,1.005,0.989,247590,4.6,24621135.0,1.59,0.0,0.0
2022-11-03,1.0,1.0,1.003,0.993,150390,2.79,15016569.0,1.0,-0.5,-0.005
2022-11-04,0.997,1.02,1.022,0.997,225691,4.19,22908443.0,2.5,2.0,0.02
2022-11-07,1.01,1.02,1.022,1.01,290486,5.4,29545260.0,1.18,0.0,0.0
2022-11-08,1.02,1.017,1.02,1.01,291456,5.42,29566327.0,0.98,-0.29,-0.003
2022-11-09,1.017,1.019,1.021,1.012,282014,5.24,28644426.0,0.88,0.2,0.002
2022-11-10,1.022,1.012,1.022,1.011,254283,4.73,25803040.0,1.08,-0.69,-0.007
2022-11-11,1.022,1.025,1.031,1.014,368000,6.84,37543161.0,1.68,1.28,0.013
2022-11-14,1.024,1.015,1.027,1.013,183455,3.41,18687972.0,1.37,-0.98,-0.01
2022-11-15,1.02,1.029,1.029,1.012,179073,3.33,18266253.0,1.67,1.38,0.014
2022-11-16,1.029,1.037,1.054,1.029,285687,5.31,29740115.0,2.43,0.78,0.008
2022-11-17,1.037,1.029,1.037,1.023,251377,4.67,25789617.0,1.35,-0.77,-0.008
2022-11-18,1.03,1.035,1.038,1.027,219634,4.08,22668711.0,1.07,0.58,0.006
2022-11-21,1.034,1.04,1.042,1.024,321170,5.97,33269443.0,1.74,0.48,0.005
2022-11-22,1.042,1.039,1.052,1.034,279176,5.25,29042261.0,1.73,-0.1,-0.001
2022-11-23,1.04,1.057,1.058,1.04,386906,7.19,40542912.0,1.73,1.73,0.018
2022-11-24,1.064,1.059,1.068,1.057,324537,6.03,34445355.0,1.04,0.19,0.002
2022-11-25,1.059,1.067,1.068,1.056,366550,6.81,38983749.0,1.13,0.76,0.008
2022-11-28,1.059,1.08,1.081,1.045,410713,7.63,43863761.0,3.37,1.22,0.013
2022-11-29,1.083,1.07,1.085,1.052,405505,7.54,43234134.0,3.06,-0.93,-0.01
2022-11-30,1.058,1.065,1.075,1.058,349097,6.49,37277146.0,1.59,-0.47,-0.005
2022-12-01,1.068,1.065,1.073,1.062,327249,6.15,34869170.0,1.03,0.0,0.0
2022-12-02,1.064,1.064,1.067,1.057,204451,3.8,21724139.0,0.94,-0.09,-0.001
2022-12-05,1.065,1.077,1.078,1.063,336858,6.26,36010972.0,1.41,1.22,0.013
2022-12-06,1.077,1.061,1.077,1.057,329316,6.12,35025535.0,1.86,-1.49,-0.016
2022-12-07,1.062,1.05,1.062,1.046,347214,6.53,36519055.0,1.51,-1.04,-0.011
2022-12-08,1.039,1.044,1.051,1.039,273305,5.15,28526328.0,1.14,-0.57,-0.006
2022-12-09,1.04,1.035,1.047,1.031,375840,6.98,38924326.0,1.53,-0.86,-0.009
2022-12-12,1.035,1.018,1.036,1.015,369130,6.86,37661077.0,2.03,-1.64,-0.017
2022-12-13,1.021,1.018,1.022,1.014,348089,6.47,35442062.0,0.79,0.0,0.0
2022-12-14,1.02,1.013,1.021,1.011,271974,5.05,27615571.0,0.98,-0.49,-0.005
2022-12-15,1.014,1.017,1.017,1.007,153162,2.85,15486774.0,0.99,0.39,0.004
2022-12-16,1.014,1.019,1.024,1.011,253007,4.7,25743132.0,1.28,0.2,0.002
2022-12-19,1.022,0.994,1.022,0.992,323963,6.09,32506084.0,2.94,-2.45,-0.025
2022-12-20,0.995,0.998,1.001,0.99,202843,3.82,20217839.0,1.11,0.4,0.004
2022-12-21,0.998,0.989,0.998,0.987,197046,3.66,19519376.0,1.1,-0.9,-0.009
2022-12-22,0.989,0.977,0.996,0.973,278926,5.18,27498045.0,2.33,-1.21,-0.012
2022-12-23,0.977,0.981,0.982,0.972,296377,5.51,28966387.0,1.02,0.41,0.004
2022-12-26,0.987,0.996,0.996,0.978,306071,5.69,30135771.0,1.83,1.53,0.015
2022-12-27,0.998,0.999,1.0,0.994,263521,4.9,26259307.0,0.6,0.3,0.003
2022-12-28,0.998,1.027,1.028,0.995,438987,8.16,44736318.0,3.3,2.8,0.028
2022-12-29,1.024,1.018,1.026,1.015,295362,5.49,30095851.0,1.07,-0.88,-0.009
2022-12-30,1.015,1.033,1.038,1.015,276529,5.14,28454227.0,2.26,1.47,0.015
2023-01-03,1.035,1.054,1.055,1.03,304030,5.65,31846179.0,2.42,2.03,0.021
2023-01-04,1.049,1.05,1.058,1.047,288512,5.36,30343173.0,1.04,-0.38,-0.004
2023-01-05,1.04,1.057,1.06,1.04,330679,6.15,34946239.0,1.9,0.67,0.007
2023-01-06,1.053,1.063,1.071,1.052,389785,7.24,41495660.0,1.8,0.57,0.006
2023-01-09,1.058,1.048,1.065,1.047,219798,4.08,23110660.0,1.69,-1.41,-0.015
2023-01-10,1.048,1.042,1.052,1.04,196355,3.69,20529397.0,1.15,-0.57,-0.006
2023-01-11,1.041,1.036,1.046,1.033,297185,5.58,30831453.0,1.25,-0.58,-0.006
2023-01-12,1.036,1.035,1.041,1.033,234084,4.35,24276590.0,0.77,-0.1,-0.001
2023-01-13,1.034,1.034,1.036,1.027,206731,3.89,21316423.0,0.87,-0.1,-0.001
2023-01-16,1.034,1.039,1.042,1.03,320258,6.02,33193457.0,1.16,0.48,0.005
2023-01-17,1.038,1.031,1.039,1.028,171648,3.23,17712321.0,1.06,-0.77,-0.008
2023-01-18,1.031,1.033,1.036,1.031,164915,3.06,17038613.0,0.48,0.19,0.002
2023-01-19,1.033,1.028,1.033,1.023,298418,5.55,30617388.0,0.97,-0.48,-0.005
2023-01-20,1.03,1.045,1.046,1.028,516603,9.6,53737415.0,1.75,1.65,0.017
2023-01-30,1.059,1.041,1.059,1.039,325508,6.05,33976706.0,1.91,-0.38,-0.004
2023-01-31,1.042,1.045,1.045,1.035,250630,4.71,26064639.0,0.96,0.38,0.004
2023-02-01,1.045,1.047,1.053,1.036,328906,6.11,34251425.0,1.63,0.19,0.002
2023-02-02,1.05,1.049,1.051,1.043,203233,3.82,21296718.0,0.76,0.19,0.002
2023-02-03,1.047,1.042,1.049,1.035,242898,4.51,25257268.0,1.33,-0.67,-0.007
2023-02-06,1.04,1.042,1.049,1.032,211932,3.94,22107480.0,1.63,0.0,0.0
2023-02-07,1.038,1.055,1.055,1.038,321352,6.04,33728707.0,1.63,1.25,0.013
2023-02-08,1.056,1.05,1.056,1.049,207372,3.9,21812176.0,0.66,-0.47,-0.005
2023-02-09,1.05,1.053,1.054,1.048,228124,4.24,23984574.0,0.57,0.29,0.003
2023-02-10,1.054,1.065,1.066,1.049,307384,5.71,32565031.0,1.61,1.14,0.012
2023-02-13,1.065,1.061,1.078,1.059,274729,5.11,29243945.0,1.78,-0.38,-0.004
2023-02-14,1.06,1.063,1.07,1.059,224600,4.17,23899396.0,1.04,0.19,0.002
2023-02-15,1.058,1.057,1.065,1.055,225335,4.19,23857414.0,0.94,-0.56,-0.006
2023-02-16,1.057,1.042,1.063,1.035,243092,4.52,25574412.0,2.65,-1.42,-0.015
2023-02-17,1.038,1.037,1.046,1.035,223055,4.15,23206484.0,1.06,-0.48,-0.005
2023-02-20,1.036,1.043,1.045,1.032,264878,4.92,27496061.0,1.25,0.58,0.006
2023-02-21,1.043,1.05,1.052,1.041,204178,3.85,21405154.0,1.05,0.67,0.007
2023-02-22,1.05,1.047,1.054,1.044,114914,2.14,12055202.0,0.95,-0.29,-0.003
2023-02-23,1.048,1.042,1.048,1.038,248436,4.62,25880688.0,0.96,-0.48,-0.005
2023-02-24,1.043,1.04,1.043,1.037,179681,3.34,18690640.0,0.58,-0.19,-0.002
2023-02-27,1.036,1.04,1.044,1.036,174111,3.27,18105079.0,0.77,0.0,0.0
2023-02-28,1.038,1.052,1.052,1.038,173536,3.27,18128494.0,1.35,1.15,0.012
2023-03-01,1.052,1.057,1.058,1.049,164949,3.07,17375742.0,0.86,0.48,0.005
2023-03-02,1.055,1.059,1.067,1.055,170646,3.17,18119203.0,1.14,0.19,0.002
2023-03-03,1.063,1.073,1.075,1.059,252724,4.7,26989324.0,1.51,1.32,0.014
2023-03-06,1.073,1.079,1.084,1.072,233909,4.35,25212484.0,1.12,0.56,0.006
2023-03-07,1.077,1.069,1.089,1.069,271640,5.05,29352140.0,1.85,-0.93,-0.01
2023-03-08,1.064,1.065,1.07,1.058,158316,2.98,16871698.0,1.12,-0.37,-0.004
2023-03-09,1.067,1.062,1.07,1.06,193599,3.64,20591730.0,0.94,-0.28,-0.003
2023-03-10,1.055,1.053,1.062,1.05,176850,3.32,18643852.0,1.13,-0.85,-0.009
2023-03-13,1.053,1.06,1.061,1.05,186742,3.47,19737892.0,1.04,0.66,0.007
2023-03-14,1.059,1.066,1.074,1.054,174588,3.24,18580192.0,1.89,0.57,0.006
2023-03-15,1.062,1.079,1.081,1.059,192223,3.57,20565090.0,2.06,1.22,0.013
2023-03-16,1.072,1.069,1.08,1.065,233599,4.4,25119674.0,1.39,-0.93,-0.01
2023-03-17,1.071,1.076,1.084,1.069,226740,4.27,24461475.0,1.4,0.65,0.007
2023-03-20,1.073,1.061,1.082,1.059,193217,3.59,20688025.0,2.14,-1.39,-0.015
2023-03-21,1.06,1.061,1.067,1.058,143613,2.71,15248733.0,0.85,0.0,0.0
2023-03-22,1.066,1.063,1.067,1.057,153588,2.85,16311785.0,0.94,0.19,0.002
2023-03-23,1.063,1.06,1.064,1.052,188636,3.51,19926518.0,1.13,-0.28,-0.003
2023-03-24,1.061,1.056,1.063,1.054,131011,2.43,13845079.0,0.85,-0.38,-0.004
2023-03-27,1.064,1.042,1.064,1.037,238483,4.43,24842950.0,2.56,-1.33,-0.014
2023-03-28,1.04,1.036,1.042,1.035,164270,3.05,17046650.0,0.67,-0.58,-0.006
2023-03-29,1.039,1.036,1.042,1.032,148365,2.76,15353533.0,0.97,0.0,0.0
2023-03-30,1.035,1.042,1.043,1.032,183271,3.41,19026636.0,1.06,0.58,0.006
2023-03-31,1.043,1.044,1.047,1.04,158577,2.95,16557417.0,0.67,0.19,0.002
2023-04-03,1.047,1.041,1.048,1.035,176304,3.28,18315825.0,1.25,-0.29,-0.003
2023-04-04,1.048,1.043,1.048,1.035,180490,3.39,18758296.0,1.25,0.19,0.002
2023-04-06,1.043,1.04,1.043,1.035,207387,3.85,21519990.0,0.77,-0.29,-0.003
2023-04-07,1.04,1.045,1.046,1.036,139380,2.62,14527017.0,0.96,0.48,0.005
2023-04-10,1.052,1.067,1.067,1.046,212982,3.96,22592820.0,2.01,2.11,0.022
2023-04-11,1.069,1.064,1.069,1.056,173524,3.22,18385382.0,1.22,-0.28,-0.003
2023-04-12,1.068,1.062,1.068,1.058,129656,2.41,13768683.0,0.94,-0.19,-0.002
2023-04-13,1.065,1.069,1.074,1.061,208961,3.88,22324662.0,1.22,0.66,0.007
2023-04-14,1.062,1.084,1.084,1.062,225340,4.19,24267039.0,2.06,1.4,0.015
2023-04-17,1.082,1.092,1.095,1.082,211524,3.93,23027026.0,1.2,0.74,0.008
2023-04-18,1.093,1.084,1.097,1.08,192268,3.57,20827371.0,1.56,-0.73,-0.008
2023-04-19,1.083,1.081,1.091,1.079,248674,4.67,26986125.0,1.11,-0.28,-0.003
2023-04-20,1.075,1.079,1.083,1.069,193981,3.6,20838728.0,1.3,-0.19,-0.002
2023-04-21,1.082,1.066,1.082,1.065,176663,3.32,19006732.0,1.58,-1.2,-0.013
2023-04-24,1.065,1.069,1.076,1.062,216164,4.02,23085852.0,1.31,0.28,0.003
2023-04-25,1.073,1.068,1.08,1.055,170387,3.17,18266496.0,2.34,-0.09,-0.001
2023-04-26,1.073,1.089,1.092,1.07,245571,4.56,26670456.0,2.06,1.97,0.021
2023-04-27,1.08,1.092,1.096,1.072,229133,4.26,24816673.0,2.2,0.28,0.003
2023-04-28,1.09,1.097,1.097,1.081,217143,4.04,23608884.0,1.47,0.46,0.005
2023-05-04,1.093,1.123,1.126,1.09,231568,4.3,25818330.0,3.28,2.37,0.026
2023-05-05,1.122,1.122,1.128,1.11,201716,3.75,22528204.0,1.6,-0.09,-0.001
2023-05-08,1.122,1.133,1.145,1.12,213586,4.03,24211937.0,2.23,0.98,0.011
2023-05-09,1.135,1.119,1.137,1.118,232271,4.32,26225639.0,1.68,-1.24,-0.014
2023-05-10,1.11,1.113,1.13,1.108,216458,4.02,24208213.0,1.97,-0.54,-0.006
2023-05-11,1.109,1.129,1.144,1.105,235649,4.38,26604448.0,3.5,1.44,0.016
2023-05-12,1.127,1.146,1.157,1.121,234012,4.35,26779465.0,3.19,1.51,0.017
2023-05-15,1.156,1.136,1.158,1.124,320869,5.96,36524486.0,2.97,-0.87,-0.01
2023-05-16,1.138,1.138,1.142,1.122,248742,4.62,28147273.0,1.76,0.18,0.002
2023-05-17,1.13,1.14,1.141,1.121,496241,9.33,56025980.0,1.76,0.18,0.002
2023-05-18,1.136,1.131,1.146,1.127,565155,10.62,64212011.0,1.67,-0.79,-0.009
2023-05-19,1.124,1.119,1.13,1.117,483357,8.98,54264747.0,1.15,-1.06,-0.012
2023-05-22,1.114,1.15,1.153,1.114,304524,5.66,34765998.0,3.49,2.77,0.031
2023-05-23,1.142,1.127,1.147,1.124,626243,11.64,71227126.0,2.0,-2.0,-0.023
2023-05-24,1.116,1.115,1.128,1.111,259566,4.82,29033654.0,1.51,-1.06,-0.012
2023-05-25,1.112,1.124,1.128,1.109,244204,4.54,27376793.0,1.7,0.81,0.009
2023-05-26,1.131,1.136,1.142,1.126,220931,4.11,25052174.0,1.42,1.07,0.012
2023-05-29,1.142,1.166,1.172,1.133,354175,6.58,41093804.0,3.43,2.64,0.03
2023-05-30,1.169,1.163,1.17,1.151,372736,6.93,43320250.0,1.63,-0.26,-0.003
2023-05-31,1.162,1.152,1.164,1.143,249606,4.69,28746914.0,1.81,-0.95,-0.011
2023-06-01,1.159,1.137,1.159,1.134,288170,5.43,32869653.0,2.17,-1.3,-0.015
2023-06-02,1.13,1.133,1.147,1.13,285681,5.37,32490008.0,1.5,-0.35,-0.004
2023-06-05,1.135,1.138,1.147,1.129,355572,6.61,40460057.0,1.59,0.44,0.005
2023-06-06,1.138,1.107,1.138,1.105,380980,7.16,42555683.0,2.9,-2.72,-0.031
2023-06-07,1.102,1.11,1.112,1.098,285811,5.31,31528064.0,1.26,0.27,0.003
2023-06-08,1.103,1.116,1.118,1.099,288884,5.43,31998333.0,1.71,0.54,0.006
2023-06-09,1.115,1.131,1.134,1.11,337247,6.36,37916218.0,2.15,1.34,0.015
2023-06-12,1.131,1.113,1.137,1.112,274867,5.17,30832664.0,2.21,-1.59,-0.018
2023-06-13,1.113,1.107,1.118,1.102,303546,5.7,33661822.0,1.44,-0.54,-0.006
2023-06-14,1.106,1.095,1.107,1.092,353942,6.58,38885960.0,1.36,-1.08,-0.012
2023-06-15,1.096,1.105,1.105,1.09,703604,13.08,77085965.0,1.37,0.91,0.01
2023-06-16,1.104,1.096,1.104,1.092,610099,11.34,66858755.0,1.09,-0.81,-0.009
2023-06-19,1.095,1.103,1.105,1.09,454893,8.57,49938318.0,1.37,0.64,0.007
2023-06-20,1.103,1.099,1.106,1.094,564444,10.49,62116020.0,1.09,-0.36,-0.004
2023-06-21,1.097,1.105,1.118,1.097,736210,13.68,81697034.0,1.91,0.55,0.006
2023-06-26,1.105,1.13,1.131,1.103,960839,18.11,107821383.0,2.53,2.26,0.025
2023-06-27,1.131,1.127,1.136,1.105,853719,16.04,95397018.0,2.74,-0.27,-0.003
2023-06-28,1.122,1.142,1.144,1.117,894462,16.62,101848359.0,2.4,1.33,0.015
2023-06-29,1.139,1.138,1.139,1.126,656572,12.2,74435812.0,1.14,-0.35,-0.004
2023-06-30,1.136,1.125,1.139,1.122,549083,10.2,61865795.0,1.49,-1.14,-0.013
2023-07-03,1.126,1.138,1.142,1.126,594413,11.05,67411495.0,1.42,1.16,0.013
2023-07-04,1.132,1.129,1.136,1.124,382715,7.11,43217459.0,1.05,-0.79,-0.009
2023-07-05,1.127,1.126,1.138,1.123,380130,7.06,42885092.0,1.33,-0.27,-0.003
2023-07-06,1.127,1.125,1.133,1.12,526624,9.79,59241258.0,1.15,-0.09,-0.001
2023-07-07,1.125,1.135,1.137,1.123,473040,8.79,53576844.0,1.24,0.89,0.01
2023-07-10,1.143,1.143,1.154,1.135,465476,8.75,53287443.0,1.67,0.7,0.008
2023-07-11,1.142,1.138,1.142,1.126,415565,7.72,47084797.0,1.4,-0.44,-0.005
2023-07-12,1.137,1.136,1.139,1.13,354926,6.6,40265331.0,0.79,-0.18,-0.002
2023-07-13,1.133,1.139,1.141,1.131,322421,6.08,36674850.0,0.88,0.26,0.003
2023-07-14,1.139,1.13,1.139,1.125,345400,6.42,39045449.0,1.23,-0.79,-0.009
2023-07-17,1.127,1.129,1.136,1.126,179311,3.33,20243072.0,0.88,-0.09,-0.001
2023-07-18,1.129,1.119,1.129,1.117,320927,5.96,35950489.0,1.06,-0.89,-0.01
2023-07-19,1.123,1.119,1.123,1.113,254031,4.72,28389161.0,0.89,0.0,0.0
2023-07-20,1.12,1.109,1.121,1.106,240685,4.47,26780984.0,1.34,-0.89,-0.01
2023-07-21,1.107,1.11,1.111,1.105,257180,4.85,28504520.0,0.54,0.09,0.001
2023-07-24,1.109,1.115,1.117,1.102,184949,3.44,20564972.0,1.35,0.45,0.005
2023-07-25,1.113,1.105,1.119,1.1,438986,8.16,48458778.0,1.7,-0.9,-0.01
2023-07-26,1.102,1.104,1.104,1.098,912027,16.95,100325100.0,0.54,-0.09,-0.001
2023-07-27,1.105,1.099,1.112,1.097,770469,14.32,84998667.0,1.36,-0.45,-0.005
2023-07-28,1.094,1.105,1.106,1.092,445284,8.27,48936852.0,1.27,0.55,0.006
2023-07-31,1.104,1.112,1.113,1.103,452419,8.53,50192460.0,0.9,0.63,0.007
2023-08-01,1.115,1.128,1.129,1.111,960387,17.85,107952027.0,1.62,1.44,0.016
2023-08-02,1.136,1.118,1.136,1.116,246067,4.57,27562993.0,1.77,-0.89,-0.01
2023-08-03,1.113,1.128,1.128,1.113,348175,6.47,39098542.0,1.34,0.89,0.01
2023-08-04,1.128,1.122,1.134,1.121,273031,5.07,30735084.0,1.15,-0.53,-0.006
2023-08-07,1.122,1.13,1.13,1.115,392244,7.29,44048295.0,1.34,0.71,0.008
2023-08-08,1.126,1.122,1.134,1.119,772752,14.36,86786213.0,1.33,-0.71,-0.008
2023-08-09,1.121,1.112,1.121,1.109,314652,5.85,35013415.0,1.07,-0.89,-0.01
2023-08-10,1.11,1.114,1.117,1.11,212859,4.0,23711802.0,0.63,0.18,0.002
2023-08-11,1.114,1.095,1.118,1.095,215179,4.06,23717834.0,2.06,-1.71,-0.019
2023-08-14,1.095,1.104,1.105,1.087,274134,5.09,30031092.0,1.64,0.82,0.009
2023-08-15,1.107,1.11,1.119,1.103,239440,4.45,26601333.0,1.45,0.54,0.006
2023-08-16,1.106,1.103,1.111,1.102,203770,3.79,22505633.0,0.81,-0.63,-0.007
2023-08-17,1.1,1.104,1.106,1.092,182699,3.44,20021781.0,1.27,0.09,0.001
2023-08-18,1.104,1.099,1.111,1.099,197959,3.73,21883614.0,1.09,-0.45,-0.005
2023-08-21,1.095,1.091,1.102,1.087,241632,4.55,26456744.0,1.36,-0.73,-0.008
2023-08-22,1.09,1.088,1.097,1.074,230733,4.29,25015163.0,2.11,-0.27,-0.003
2023-08-23,1.088,1.071,1.088,1.071,273214,5.08,29491967.0,1.56,-1.56,-0.017
2023-08-24,1.071,1.062,1.076,1.06,218624,4.06,23264705.0,1.49,-0.84,-0.009
2023-08-25,1.061,1.07,1.078,1.054,255191,4.74,27357960.0,2.26,0.75,0.008
2023-08-28,1.103,1.069,1.106,1.065,141311,2.66,15310774.0,3.83,-0.09,-0.001
2023-08-29,1.066,1.072,1.076,1.062,162796,3.03,17441039.0,1.31,0.28,0.003
2023-08-30,1.075,1.066,1.08,1.061,219694,4.08,23469741.0,1.77,-0.56,-0.006
2023-08-31,1.062,1.066,1.07,1.061,231452,4.3,24625038.0,0.84,0.0,0.0
2023-09-01,1.063,1.064,1.068,1.059,150665,2.84,16020993.0,0.84,-0.19,-0.002
2023-09-04,1.063,1.068,1.068,1.054,224567,4.17,23864881.0,1.32,0.38,0.004
2023-09-05,1.068,1.076,1.079,1.065,283222,5.32,30388223.0,1.31,0.75,0.008
2023-09-06,1.073,1.071,1.076,1.068,159116,2.96,17050898.0,0.74,-0.46,-0.005
2023-09-07,1.067,1.059,1.071,1.059,207318,3.85,22035137.0,1.12,-1.12,-0.012
2023-09-08,1.057,1.071,1.075,1.056,227706,4.23,24274872.0,1.79,1.13,0.012
2023-09-11,1.069,1.076,1.08,1.069,217073,4.03,23353457.0,1.03,0.47,0.005
2023-09-12,1.077,1.079,1.086,1.076,115545,2.15,12494987.0,0.93,0.28,0.003
2023-09-13,1.08,1.082,1.087,1.076,169915,3.16,18369341.0,1.02,0.28,0.003
2023-09-14,1.083,1.093,1.095,1.079,228529,4.25,24918969.0,1.48,1.02,0.011
2023-09-15,1.092,1.079,1.097,1.075,193609,3.6,20996095.0,2.01,-1.28,-0.014
2023-09-18,1.079,1.073,1.079,1.069,187573,3.53,20121684.0,0.93,-0.56,-0.006
2023-09-19,1.071,1.076,1.077,1.07,124850,2.32,13416436.0,0.65,0.28,0.003
2023-09-20,1.074,1.066,1.074,1.066,121030,2.28,12944759.0,0.74,-0.93,-0.01
2023-09-21,1.066,1.06,1.072,1.059,159667,2.97,17017798.0,1.22,-0.56,-0.006
2023-09-22,1.06,1.065,1.065,1.056,165853,3.08,17597331.0,0.85,0.47,0.005
2023-09-25,1.063,1.061,1.065,1.058,209936,3.96,22286904.0,0.66,-0.38,-0.004
2023-09-26,1.062,1.058,1.062,1.052,201506,3.8,21293818.0,0.94,-0.28,-0.003
2023-09-27,1.059,1.055,1.063,1.054,195852,3.68,20718754.0,0.85,-0.28,-0.003
2023-09-28,1.055,1.057,1.058,1.053,179083,3.37,18901339.0,0.47,0.19,0.002
2023-10-09,1.056,1.061,1.062,1.051,208118,3.91,21999989.0,1.04,0.38,0.004
2023-10-10,1.061,1.055,1.063,1.053,191684,3.56,20252828.0,0.94,-0.57,-0.006
2023-10-11,1.055,1.049,1.061,1.047,286037,5.38,30104945.0,1.33,-0.57,-0.006
2023-10-12,1.048,1.058,1.059,1.048,190341,3.54,20104644.0,1.05,0.86,0.009
2023-10-13,1.059,1.054,1.063,1.05,138759,2.58,14642119.0,1.23,-0.38,-0.004
2023-10-16,1.054,1.051,1.058,1.048,162051,3.01,17040870.0,0.95,-0.28,-0.003
2023-10-17,1.053,1.062,1.065,1.051,184351,3.43,19513365.0,1.33,1.05,0.011
2023-10-18,1.062,1.046,1.062,1.045,174296,3.24,18293780.0,1.6,-1.51,-0.016
2023-10-19,1.046,1.034,1.046,1.03,172113,3.2,17830778.0,1.53,-1.15,-0.012
2023-10-20,1.027,1.033,1.039,1.025,159295,3.0,16457312.0,1.35,-0.1,-0.001
2023-10-23,1.033,1.008,1.033,1.003,171711,3.19,17476740.0,2.9,-2.42,-0.025
2023-10-24,1.009,1.02,1.021,1.003,158268,2.98,16035483.0,1.79,1.19,0.012
2023-10-25,1.02,1.016,1.026,1.013,141047,2.65,14370360.0,1.27,-0.39,-0.004
2023-10-26,1.015,1.036,1.037,1.01,165394,3.07,17000776.0,2.66,1.97,0.02
2023-10-27,1.036,1.046,1.05,1.035,126569,2.35,13205808.0,1.45,0.97,0.01
2023-10-30,1.04,1.047,1.052,1.04,245755,4.57,25682426.0,1.15,0.1,0.001
2023-10-31,1.047,1.047,1.048,1.041,196542,3.65,20511444.0,0.67,0.0,0.0
2023-11-01,1.047,1.05,1.051,1.042,158121,2.94,16554091.0,0.86,0.29,0.003
2023-11-02,1.05,1.046,1.053,1.045,117301,2.21,12301985.0,0.76,-0.38,-0.004
2023-11-03,1.045,1.051,1.058,1.045,143585,2.67,15117889.0,1.24,0.48,0.005
2023-11-06,1.051,1.042,1.053,1.038,200817,3.73,20922331.0,1.43,-0.86,-0.009
2023-11-07,1.044,1.039,1.044,1.035,147511,2.74,15304870.0,0.86,-0.29,-0.003
2023-11-08,1.039,1.037,1.041,1.032,111637,2.07,11571256.0,0.87,-0.19,-0.002
2023-11-09,1.039,1.043,1.047,1.035,162896,3.07,16979223.0,1.16,0.58,0.006
2023-11-10,1.04,1.048,1.049,1.029,168667,3.13,17501093.0,1.92,0.48,0.005
2023-11-13,1.054,1.045,1.058,1.036,146313,2.76,15286599.0,2.1,-0.29,-0.003
2023-11-14,1.044,1.049,1.055,1.042,161513,3.0,16944484.0,1.24,0.38,0.004
2023-11-15,1.051,1.051,1.053,1.044,144713,2.69,15171913.0,0.86,0.19,0.002
2023-11-16,1.05,1.048,1.052,1.045,155654,2.89,16313002.0,0.67,-0.29,-0.003
2023-11-17,1.048,1.049,1.051,1.043,138597,2.58,14515177.0,0.76,0.1,0.001
2023-11-20,1.049,1.05,1.055,1.045,155615,2.89,16362165.0,0.95,0.1,0.001
2023-11-21,1.05,1.048,1.053,1.045,96578,1.79,10137061.0,0.76,-0.19,-0.002
2023-11-22,1.042,1.042,1.049,1.04,84109,1.56,8796409.0,0.86,-0.57,-0.006
2023-11-23,1.042,1.044,1.045,1.038,91790,1.73,9560158.0,0.67,0.19,0.002
2023-11-24,1.042,1.039,1.046,1.037,94339,1.78,9835921.0,0.86,-0.48,-0.005
2023-11-27,1.039,1.041,1.042,1.032,137114,2.58,14202907.0,0.96,0.19,0.002
2023-11-28,1.038,1.041,1.042,1.032,102190,1.9,10611353.0,0.96,0.0,0.0
2023-11-29,1.043,1.037,1.044,1.034,111430,2.07,11579673.0,0.96,-0.38,-0.004
2023-11-30,1.037,1.049,1.05,1.037,158199,2.94,16504077.0,1.25,1.16,0.012
2023-12-01,1.045,1.05,1.051,1.041,129264,2.43,13537755.0,0.95,0.1,0.001
2023-12-04,1.05,1.05,1.051,1.046,130226,2.42,13654392.0,0.48,0.0,0.0
2023-12-05,1.049,1.039,1.055,1.038,150689,2.8,15808008.0,1.62,-1.05,-0.011
2023-12-06,1.035,1.036,1.039,1.027,145376,2.74,15042553.0,1.15,-0.29,-0.003
2023-12-07,1.034,1.04,1.042,1.034,119977,2.23,12466814.0,0.77,0.39,0.004
2023-12-08,1.041,1.047,1.052,1.04,132841,2.47,13916887.0,1.15,0.67,0.007
2023-12-11,1.041,1.057,1.057,1.033,141840,2.67,14806928.0,2.29,0.96,0.01
2023-12-12,1.057,1.061,1.062,1.052,131066,2.46,13858367.0,0.95,0.38,0.004
2023-12-13,1.062,1.06,1.065,1.06,122068,2.27,12967264.0,0.47,-0.09,-0.001
2023-12-14,1.06,1.061,1.065,1.054,82452,1.55,8738952.0,1.04,0.09,0.001
2023-12-15,1.061,1.048,1.065,1.047,108309,2.04,11409399.0,1.7,-1.23,-0.013
2023-12-18,1.045,1.046,1.054,1.04,128598,2.39,13487185.0,1.34,-0.19,-0.002
2023-12-19,1.05,1.04,1.05,1.034,122342,2.27,12737171.0,1.53,-0.57,-0.006
2023-12-20,1.041,1.043,1.055,1.041,117412,2.21,12343567.0,1.35,0.29,0.003
2023-12-21,1.035,1.045,1.045,1.032,108789,2.02,11288921.0,1.25,0.19,0.002
2023-12-22,1.043,1.044,1.046,1.038,100357,1.86,10467377.0,0.77,-0.1,-0.001
2023-12-25,1.039,1.045,1.047,1.037,86719,1.63,9021419.0,0.96,0.1,0.001
2023-12-26,1.047,1.044,1.052,1.042,108395,2.04,11349765.0,0.96,-0.1,-0.001
2023-12-27,1.044,1.054,1.055,1.041,108719,2.02,11395728.0,1.34,0.96,0.01
2023-12-28,1.054,1.054,1.058,1.044,142799,2.69,15001752.0,1.33,0.0,0.0
2023-12-29,1.055,1.053,1.055,1.047,118327,2.23,12433718.0,0.76,-0.09,-0.001
2024-01-02,1.055,1.072,1.075,1.053,216277,4.08,23109301.0,2.09,1.8,0.019
2024-01-03,1.067,1.087,1.088,1.067,194461,3.66,21002938.0,1.96,1.4,0.015
2024-01-04,1.082,1.088,1.089,1.075,169646,3.2,18350857.0,1.29,0.09,0.001
2024-01-05,1.086,1.082,1.093,1.077,130420,2.42,14162067.0,1.47,-0.55,-0.006
2024-01-08,1.081,1.069,1.081,1.068,74315,1.4,7972715.0,1.2,-1.2,-0.013
2024-01-09,1.07,1.074,1.076,1.064,102380,1.9,10955083.0,1.12,0.47,0.005
2024-01-10,1.074,1.069,1.074,1.063,91768,1.71,9806750.0,1.02,-0.47,-0.005
2024-01-11,1.069,1.063,1.07,1.06,134789,2.5,14358938.0,0.94,-0.56,-0.006
2024-01-12,1.063,1.079,1.079,1.059,121024,2.25,12990961.0,1.88,1.51,0.016
2024-01-15,1.075,1.078,1.082,1.073,82631,1.54,8900357.0,0.83,-0.09,-0.001
2024-01-16,1.075,1.075,1.076,1.062,112972,2.13,12089962.0,1.3,-0.28,-0.003
2024-01-17,1.074,1.06,1.075,1.059,96942,1.8,10372689.0,1.49,-1.4,-0.015
2024-01-18,1.058,1.053,1.059,1.02,137357,2.55,14235711.0,3.68,-0.66,-0.007
2024-01-19,1.054,1.045,1.054,1.038,120595,2.24,12596667.0,1.52,-0.76,-0.008
2024-01-22,1.042,1.015,1.042,1.006,110090,2.05,11321139.0,3.44,-2.87,-0.03
2024-01-23,1.018,1.025,1.026,0.998,82611,1.54,8339165.0,2.76,0.99,0.01
2024-01-24,1.025,1.045,1.046,1.02,78383,1.46,8079648.0,2.54,1.95,0.02
2024-01-25,1.053,1.077,1.077,1.041,120685,2.24,12827717.0,3.44,3.06,0.032
2024-01-26,1.075,1.084,1.085,1.07,131927,2.45,14233280.0,1.39,0.65,0.007
2024-01-29,1.082,1.087,1.102,1.082,152696,2.84,16695101.0,1.85,0.28,0.003
2024-01-30,1.081,1.078,1.095,1.076,98760,1.84,10733816.0,1.75,-0.83,-0.009
2024-01-31,1.074,1.081,1.094,1.072,140346,2.61,15211777.0,2.04,0.28,0.003
2024-02-01,1.078,1.065,1.08,1.06,83234,1.57,8916504.0,1.85,-1.48,-0.016
2024-02-02,1.066,1.06,1.079,1.04,117567,2.18,12495282.0,3.66,-0.47,-0.005
2024-02-05,1.056,1.051,1.065,1.032,94106,1.75,9895455.0,3.11,-0.85,-0.009
2024-02-06,1.052,1.073,1.079,1.048,90916,1.69,9652338.0,2.95,2.09,0.022
2024-02-07,1.073,1.082,1.082,1.063,105496,1.96,11323663.0,1.77,0.84,0.009
2024-02-08,1.077,1.09,1.092,1.077,110767,2.06,12010815.0,1.39,0.74,0.008
2024-02-19,1.078,1.117,1.117,1.078,153084,2.84,16928290.0,3.58,2.48,0.027
2024-02-20,1.117,1.12,1.131,1.108,142023,2.64,15913835.0,2.06,0.27,0.003
2024-02-21,1.113,1.114,1.124,1.112,122452,2.28,13702512.0,1.07,-0.54,-0.006
2024-02-22,1.114,1.124,1.124,1.11,90878,1.69,10179888.0,1.26,0.9,0.01
2024-02-23,1.124,1.131,1.135,1.12,87529,1.63,9873143.0,1.33,0.62,0.007
2024-02-26,1.13,1.104,1.13,1.1,123807,2.33,13746510.0,2.65,-2.39,-0.027
2024-02-27,1.104,1.109,1.11,1.097,125399,2.36,13852653.0,1.18,0.45,0.005
2024-02-28,1.108,1.114,1.126,1.106,158005,2.94,17593109.0,1.8,0.45,0.005
2024-02-29,1.103,1.121,1.121,1.103,98097,1.82,10911874.0,1.62,0.63,0.007
2024-03-01,1.113,1.115,1.128,1.111,98119,1.82,10966362.0,1.52,-0.54,-0.006
2024-03-04,1.116,1.14,1.14,1.112,129028,2.4,14546550.0,2.51,2.24,0.025
2024-03-05,1.138,1.15,1.152,1.133,164494,3.06,18857189.0,1.67,0.88,0.01
2024-03-06,1.148,1.156,1.164,1.145,151730,2.82,17519480.0,1.65,0.52,0.006
2024-03-07,1.153,1.159,1.165,1.149,187375,3.48,21705436.0,1.38,0.26,0.003
2024-03-08,1.155,1.178,1.179,1.155,159518,3.0,18628373.0,2.07,1.64,0.019
2024-03-11,1.178,1.173,1.191,1.163,165486,3.12,19448053.0,2.38,-0.42,-0.005
2024-03-12,1.174,1.143,1.175,1.134,214041,3.98,24587147.0,3.5,-2.56,-0.03
2024-03-13,1.14,1.148,1.149,1.131,135821,2.52,15485182.0,1.57,0.44,0.005
2024-03-14,1.146,1.147,1.15,1.138,112741,2.12,12890543.0,1.05,-0.09,-0.001
2024-03-15,1.147,1.155,1.158,1.142,130956,2.46,15076233.0,1.39,0.7,0.008
2024-03-18,1.156,1.163,1.173,1.151,116268,2.19,13496372.0,1.9,0.69,0.008
2024-03-19,1.164,1.15,1.167,1.148,106121,1.97,12268222.0,1.63,-1.12,-0.013
2024-03-20,1.149,1.153,1.16,1.138,115287,2.17,13266279.0,1.91,0.26,0.003
2024-03-21,1.153,1.148,1.155,1.145,90643,1.68,10409661.0,0.87,-0.43,-0.005
2024-03-22,1.147,1.146,1.153,1.137,91091,1.69,10407270.0,1.39,-0.17,-0.002
2024-03-25,1.134,1.146,1.156,1.134,97125,1.8,11176986.0,1.92,0.0,0.0
2024-03-26,1.145,1.156,1.156,1.14,90071,1.67,10338181.0,1.4,0.87,0.01
2024-03-27,1.156,1.151,1.162,1.15,84187,1.56,9726903.0,1.04,-0.43,-0.005
2024-03-28,1.152,1.156,1.16,1.138,111198,2.07,12763111.0,1.91,0.43,0.005
2024-03-29,1.155,1.173,1.174,1.155,168840,3.14,19679388.0,1.64,1.47,0.017
2024-04-01,1.173,1.169,1.178,1.163,164618,3.06,19244667.0,1.28,-0.34,-0.004
2024-04-02,1.169,1.173,1.179,1.165,105809,1.99,12410011.0,1.2,0.34,0.004
2024-04-03,1.173,1.173,1.174,1.16,104220,1.94,12168831.0,1.19,0.0,0.0
2024-04-08,1.171,1.203,1.208,1.168,259401,4.82,31030795.0,3.41,2.56,0.03
2024-04-09,1.201,1.198,1.206,1.19,229396,4.32,27491252.0,1.33,-0.42,-0.005
2024-04-10,1.197,1.208,1.213,1.194,232876,4.33,28105419.0,1.59,0.83,0.01
2024-04-11,1.208,1.217,1.224,1.193,212700,3.95,25753350.0,2.57,0.75,0.009
2024-04-12,1.219,1.207,1.221,1.203,216117,4.07,26158690.0,1.48,-0.82,-0.01
2024-04-15,1.212,1.224,1.226,1.198,251184,4.67,30539485.0,2.32,1.41,0.017
2024-04-16,1.222,1.204,1.227,1.199,222178,4.19,26956712.0,2.29,-1.63,-0.02
2024-04-17,1.204,1.224,1.224,1.195,211010,3.92,25483545.0,2.41,1.66,0.02
2024-04-18,1.222,1.207,1.232,1.199,230856,4.29,28007928.0,2.7,-1.39,-0.017
2024-04-19,1.2,1.198,1.21,1.191,159973,3.01,19214240.0,1.57,-0.75,-0.009
2024-04-22,1.195,1.192,1.21,1.185,196495,3.65,23538882.0,2.09,-0.5,-0.006
2024-04-23,1.187,1.169,1.189,1.166,208985,3.88,24523586.0,1.93,-1.93,-0.023
2024-04-24,1.17,1.191,1.194,1.17,160582,2.98,19039763.0,2.05,1.88,0.022
2024-04-25,1.187,1.184,1.188,1.178,107970,2.01,12764786.0,0.84,-0.59,-0.007
2024-04-26,1.184,1.183,1.187,1.176,123274,2.29,14546140.0,0.93,-0.08,-0.001
2024-04-29,1.182,1.184,1.185,1.163,206924,3.85,24321602.0,1.86,0.08,0.001
2024-04-30,1.185,1.191,1.195,1.181,321515,5.97,38247748.0,1.18,0.59,0.007
2024-05-06,1.195,1.207,1.209,1.181,338380,6.29,40518779.0,2.35,1.34,0.016
2024-05-07,1.21,1.192,1.21,1.188,297756,5.61,35594247.0,1.82,-1.24,-0.015
2024-05-08,1.191,1.187,1.201,1.185,258693,4.88,30833770.0,1.34,-0.42,-0.005
2024-05-09,1.187,1.193,1.194,1.18,318292,6.0,37773971.0,1.18,0.51,0.006
2024-05-10,1.193,1.206,1.207,1.19,318363,5.92,38202895.0,1.42,1.09,0.013
2024-05-13,1.211,1.226,1.23,1.203,411823,7.65,50083622.0,2.24,1.66,0.02
2024-05-14,1.225,1.224,1.229,1.205,316436,5.88,38640887.0,1.96,-0.16,-0.002
2024-05-15,1.22,1.201,1.231,1.198,423381,7.98,51170376.0,2.7,-1.88,-0.023
2024-05-16,1.2,1.191,1.205,1.187,223321,4.15,26703265.0,1.5,-0.83,-0.01
2024-05-17,1.194,1.197,1.199,1.188,202709,3.81,24186878.0,0.92,0.5,0.006
2024-05-20,1.197,1.211,1.211,1.19,268822,5.0,32345097.0,1.75,1.17,0.014
2024-05-21,1.21,1.208,1.211,1.201,163837,3.09,19755619.0,0.83,-0.25,-0.003
2024-05-22,1.208,1.208,1.218,1.204,163214,3.03,19737799.0,1.16,0.0,0.0
2024-05-23,1.204,1.195,1.207,1.189,160546,2.98,19228277.0,1.49,-1.08,-0.013
2024-05-24,1.194,1.216,1.228,1.194,440593,8.19,53670690.0,2.85,1.76,0.021
2024-05-27,1.216,1.24,1.244,1.216,337754,6.28,41680660.0,2.3,1.97,0.024
2024-05-28,1.238,1.253,1.262,1.233,320563,5.96,40043254.0,2.34,1.05,0.013
2024-05-29,1.254,1.255,1.259,1.232,241629,4.49,30136449.0,2.15,0.16,0.002
2024-05-30,1.251,1.235,1.259,1.23,200657,3.73,24972995.0,2.31,-1.59,-0.02
2024-05-31,1.232,1.234,1.246,1.226,145083,2.73,17932309.0,1.62,-0.08,-0.001
2024-06-03,1.234,1.24,1.245,1.229,157966,2.94,19547883.0,1.3,0.49,0.006
2024-06-04,1.24,1.258,1.259,1.231,184866,3.44,23018404.0,2.26,1.45,0.018
2024-06-05,1.255,1.252,1.262,1.25,143786,2.67,18061208.0,0.95,-0.48,-0.006
2024-06-06,1.251,1.256,1.272,1.247,206024,3.83,25928114.0,2.0,0.32,0.004
2024-06-07,1.26,1.28,1.28,1.252,182175,3.39,23038270.0,2.23,1.91,0.024
2024-06-11,1.281,1.266,1.283,1.254,219862,4.09,27835889.0,2.27,-1.09,-0.014
2024-06-12,1.255,1.274,1.278,1.254,193910,3.6,24585605.0,1.9,0.63,0.008
2024-06-13,1.274,1.281,1.289,1.268,188698,3.56,24137387.0,1.65,0.55,0.007
2024-06-14,1.272,1.255,1.283,1.25,214737,3.99,27192843.0,2.58,-2.03,-0.026
2024-06-17,1.248,1.242,1.262,1.241,233069,4.33,29132963.0,1.67,-1.04,-0.013
2024-06-18,1.242,1.243,1.243,1.226,271990,5.05,33632086.0,1.37,0.08,0.001
2024-06-19,1.24,1.237,1.247,1.234,226917,4.22,28102002.0,1.05,-0.48,-0.006
2024-06-20,1.239,1.242,1.242,1.229,138798,2.58,17166557.0,1.05,0.4,0.005
2024-06-21,1.241,1.24,1.247,1.23,150310,2.79,18617537.0,1.37,-0.16,-0.002
2024-06-24,1.238,1.242,1.249,1.234,172674,3.21,21440912.0,1.21,0.16,0.002
2024-06-25,1.242,1.235,1.243,1.224,144038,2.71,17751921.0,1.53,-0.56,-0.007
2024-06-26,1.229,1.237,1.24,1.216,155909,2.9,19132360.0,1.94,0.16,0.002
2024-06-27,1.233,1.226,1.243,1.225,148444,2.76,18296466.0,1.46,-0.89,-0.011
2024-06-28,1.222,1.259,1.263,1.219,243325,4.52,30278085.0,3.59,2.69,0.033
2024-07-01,1.256,1.287,1.289,1.255,222851,4.14,28415652.0,2.7,2.22,0.028
2024-07-02,1.285,1.291,1.291,1.274,177558,3.35,22775032.0,1.32,0.31,0.004
2024-07-03,1.288,1.286,1.295,1.276,128331,2.38,16487055.0,1.47,-0.39,-0.005
2024-07-04,1.284,1.281,1.293,1.276,153555,2.85,19722382.0,1.32,-0.39,-0.005
2024-07-05,1.279,1.271,1.281,1.257,122814,2.28,15550443.0,1.87,-0.78,-0.01
2024-07-08,1.271,1.289,1.298,1.268,143874,2.71,18453302.0,2.36,1.42,0.018
2024-07-09,1.282,1.306,1.307,1.28,172878,3.26,22381130.0,2.09,1.32,0.017
2024-07-10,1.307,1.275,1.307,1.27,171150,3.18,21852071.0,2.83,-2.37,-0.031
2024-07-11,1.284,1.286,1.289,1.26,253580,4.71,32209664.0,2.27,0.86,0.011
2024-07-12,1.281,1.268,1.288,1.265,138188,2.6,17605250.0,1.79,-1.4,-0.018
2024-07-15,1.263,1.274,1.274,1.248,159650,2.97,20213274.0,2.05,0.47,0.006
2024-07-16,1.283,1.278,1.283,1.265,135268,2.55,17216750.0,1.41,0.31,0.004
2024-07-17,1.277,1.257,1.278,1.251,155688,2.89,19673531.0,2.11,-1.64,-0.021
2024-07-18,1.251,1.274,1.275,1.244,160188,2.98,20193904.0,2.47,1.35,0.017
2024-07-19,1.269,1.28,1.281,1.269,133630,2.52,17042910.0,0.94,0.47,0.006
2024-07-22,1.281,1.267,1.284,1.253,145338,2.74,18363843.0,2.42,-1.02,-0.013
2024-07-23,1.267,1.262,1.271,1.261,188322,3.5,23844616.0,0.79,-0.39,-0.005
2024-07-24,1.254,1.284,1.292,1.254,262180,4.94,33583896.0,3.01,1.74,0.022
2024-07-25,1.289,1.281,1.289,1.264,188939,3.56,24113414.0,1.95,-0.23,-0.003
2024-07-26,1.28,1.272,1.281,1.264,191749,3.56,24340757.0,1.33,-0.7,-0.009
2024-07-29,1.272,1.278,1.279,1.263,141706,2.63,18048702.0,1.26,0.47,0.006
2024-07-30,1.272,1.257,1.279,1.253,120538,2.24,15218863.0,2.03,-1.64,-0.021
2024-07-31,1.257,1.252,1.257,1.229,236636,4.4,29310673.0,2.23,-0.4,-0.005
2024-08-01,1.25,1.248,1.257,1.242,114148,2.12,14272199.0,1.2,-0.32,-0.004
2024-08-02,1.247,1.238,1.248,1.232,139655,2.6,17295406.0,1.28,-0.8,-0.01
2024-08-05,1.236,1.215,1.236,1.214,136179,2.53,16676866.0,1.78,-1.86,-0.023
2024-08-06,1.214,1.216,1.228,1.202,144800,2.69,17592705.0,2.14,0.08,0.001
2024-08-07,1.218,1.229,1.241,1.215,169660,3.19,20873988.0,2.14,1.07,0.013
2024-08-08,1.248,1.223,1.248,1.219,75507,1.4,9251153.0,2.36,-0.49,-0.006
2024-08-09,1.224,1.216,1.225,1.215,110114,2.08,13409054.0,0.82,-0.57,-0.007
2024-08-12,1.221,1.211,1.228,1.209,128072,2.38,15577740.0,1.56,-0.41,-0.005
2024-08-13,1.211,1.215,1.219,1.207,89696,1.67,10878524.0,0.99,0.33,0.004
2024-08-14,1.215,1.228,1.239,1.21,141621,2.63,17380177.0,2.39,1.07,0.013
2024-08-15,1.226,1.241,1.241,1.222,133176,2.47,16445205.0,1.55,1.06,0.013
2024-08-16,1.242,1.229,1.242,1.222,90846,1.69,11173799.0,1.61,-0.97,-0.012
2024-08-19,1.224,1.233,1.239,1.224,70964,1.32,8747913.0,1.22,0.33,0.004
2024-08-20,1.233,1.221,1.237,1.211,90367,1.68,11021820.0,2.11,-0.97,-0.012
2024-08-21,1.221,1.212,1.221,1.204,72447,1.35,8761293.0,1.39,-0.74,-0.009
2024-08-22,1.209,1.223,1.224,1.208,68082,1.27,8288874.0,1.32,0.91,0.011
2024-08-23,1.223,1.21,1.223,1.202,74606,1.39,9018780.0,1.72,-1.06,-0.013
2024-08-26,1.209,1.207,1.21,1.198,79595,1.5,9575992.0,0.99,-0.25,-0.003
2024-08-27,1.204,1.199,1.206,1.195,68023,1.28,8161810.0,0.91,-0.66,-0.008
2024-08-28,1.2,1.208,1.217,1.2,129311,2.44,15632540.0,1.42,0.75,0.009
2024-08-29,1.209,1.193,1.209,1.19,92125,1.71,11007942.0,1.57,-1.24,-0.015
2024-08-30,1.194,1.194,1.198,1.178,118430,2.2,14095405.0,1.68,0.08,0.001
2024-09-02,1.191,1.19,1.2,1.182,102655,1.93,12258774.0,1.51,-0.34,-0.004
2024-09-03,1.19,1.169,1.197,1.164,140518,2.61,16503498.0,2.77,-1.76,-0.021
2024-09-04,1.169,1.16,1.169,1.154,87987,1.64,10229414.0,1.28,-0.77,-0.009
2024-09-05,1.16,1.158,1.164,1.151,111673,2.1,12915237.0,1.12,-0.17,-0.002
2024-09-06,1.154,1.147,1.167,1.146,70241,1.32,8135745.0,1.81,-0.95,-0.011
2024-09-09,1.142,1.137,1.147,1.131,118808,2.21,13513419.0,1.39,-0.87,-0.01
2024-09-10,1.14,1.134,1.144,1.119,133376,2.48,15078597.0,2.2,-0.26,-0.003
2024-09-11,1.127,1.101,1.127,1.095,120506,2.24,13314785.0,2.82,-2.91,-0.033
2024-09-12,1.099,1.106,1.112,1.098,137582,2.56,15240030.0,1.27,0.45,0.005
2024-09-13,1.104,1.106,1.114,1.101,81070,1.51,8977772.0,1.18,0.0,0.0
2024-09-18,1.108,1.108,1.111,1.097,72087,1.35,7962725.0,1.27,0.18,0.002
2024-09-19,1.106,1.115,1.115,1.097,105662,1.99,11698605.0,1.62,0.63,0.007
2024-09-20,1.113,1.113,1.114,1.101,101613,1.89,11261478.0,1.17,-0.18,-0.002
2024-09-23,1.114,1.13,1.134,1.11,111866,2.08,12581384.0,2.16,1.53,0.017
2024-09-24,1.13,1.169,1.169,1.126,181972,3.38,20909985.0,3.81,3.45,0.039
2024-09-25,1.172,1.173,1.196,1.165,228240,4.24,26954252.0,2.65,0.34,0.004
2024-09-26,1.173,1.185,1.185,1.156,302445,5.62,35290487.0,2.47,1.02,0.012
2024-09-27,1.184,1.22,1.225,1.176,180446,3.35,21506228.0,4.14,2.95,0.035
2024-09-30,1.251,1.304,1.307,1.212,643723,11.96,80989484.0,7.79,6.89,0.084
2024-10-08,1.433,1.288,1.433,1.25,787510,14.84,103888370.0,14.03,-1.23,-0.016
2024-10-09,1.285,1.211,1.285,1.178,345648,6.42,42591225.0,8.31,-5.98,-0.077
2024-10-10,1.178,1.247,1.27,1.178,364766,6.78,45492264.0,7.6,2.97,0.036
2024-10-11,1.251,1.216,1.251,1.209,184497,3.43,22732344.0,3.37,-2.49,-0.031
2024-10-14,1.214,1.227,1.234,1.21,147715,2.74,18050968.0,1.97,0.9,0.011
2024-10-15,1.227,1.201,1.227,1.2,181562,3.37,22012706.0,2.2,-2.12,-0.026
2024-10-16,1.2,1.203,1.21,1.19,116912,2.59,14060310.0,1.67,0.17,0.002
2024-10-17,1.198,1.186,1.216,1.186,168172,3.13,20156834.0,2.49,-1.41,-0.017
2024-10-18,1.187,1.203,1.219,1.177,370845,6.99,44297997.0,3.54,1.43,0.017
2024-10-21,1.216,1.196,1.216,1.189,203255,3.78,24282605.0,2.24,-0.58,-0.007
2024-10-22,1.193,1.218,1.218,1.191,344576,6.4,41712563.0,2.26,1.84,0.022
2024-10-23,1.218,1.226,1.23,1.215,277495,5.16,33888497.0,1.23,0.66,0.008
2024-10-24,1.221,1.216,1.221,1.208,161952,3.01,19656413.0,1.06,-0.82,-0.01
2024-10-25,1.213,1.213,1.217,1.203,274663,5.18,33212607.0,1.15,-0.25,-0.003
2024-10-28,1.216,1.225,1.226,1.2,327690,6.09,39827738.0,2.14,0.99,0.012
2024-10-29,1.224,1.208,1.224,1.205,281658,5.29,34194513.0,1.55,-1.39,-0.017
2024-10-30,1.208,1.199,1.21,1.189,233996,4.4,28034198.0,1.74,-0.75,-0.009
2024-10-31,1.206,1.211,1.216,1.201,263632,4.97,31911071.0,1.25,1.0,0.012
2024-11-01,1.21,1.212,1.217,1.197,223134,4.15,26987168.0,1.65,0.08,0.001
2024-11-04,1.211,1.214,1.214,1.204,155747,2.89,18829010.0,0.83,0.17,0.002
2024-11-05,1.214,1.226,1.227,1.208,322607,6.08,39328389.0,1.57,0.99,0.012
2024-11-06,1.23,1.216,1.23,1.211,282060,5.24,34353895.0,1.55,-0.82,-0.01
2024-11-07,1.217,1.236,1.236,1.208,323794,6.02,39640627.0,2.3,1.64,0.02
2024-11-08,1.251,1.227,1.259,1.221,597676,11.26,73811329.0,3.07,-0.73,-0.009
2024-11-11,1.224,1.224,1.226,1.212,302513,5.62,36851997.0,1.14,-0.24,-0.003
2024-11-12,1.222,1.208,1.225,1.205,300747,5.59,36534362.0,1.63,-1.31,-0.016
2024-11-13,1.207,1.218,1.219,1.203,316313,5.96,38360671.0,1.32,0.83,0.01
2024-11-14,1.22,1.202,1.225,1.199,210909,3.92,25516082.0,2.13,-1.31,-0.016
2024-11-15,1.196,1.19,1.203,1.189,176882,3.33,21158763.0,1.16,-1.0,-0.012
2024-11-18,1.19,1.202,1.215,1.19,266592,4.95,32120563.0,2.1,1.01,0.012
2024-11-19,1.203,1.199,1.203,1.185,200273,3.77,23890035.0,1.5,-0.25,-0.003
2024-11-20,1.197,1.205,1.207,1.19,197707,3.67,23734532.0,1.42,0.5,0.006
2024-11-21,1.202,1.207,1.209,1.201,147255,2.74,17749421.0,0.66,0.17,0.002
2024-11-22,1.206,1.176,1.214,1.175,212226,3.94,25308331.0,3.23,-2.57,-0.031
2024-11-25,1.175,1.163,1.18,1.154,185062,3.44,21591501.0,2.21,-1.11,-0.013
2024-11-26,1.167,1.156,1.167,1.153,144377,2.68,16709767.0,1.2,-0.6,-0.007
2024-11-27,1.157,1.167,1.168,1.145,193073,3.64,22313284.0,1.99,0.95,0.011
2024-11-28,1.166,1.163,1.169,1.158,129220,2.4,15037669.0,0.94,-0.34,-0.004
2024-11-29,1.162,1.168,1.174,1.161,159832,3.01,18670245.0,1.12,0.43,0.005
2024-12-02,1.169,1.181,1.183,1.166,138314,2.61,16271046.0,1.46,1.11,0.013
2024-12-03,1.18,1.199,1.201,1.177,217925,4.11,25966128.0,2.03,1.52,0.018
2024-12-04,1.198,1.198,1.203,1.192,165057,3.07,19762944.0,0.92,-0.08,-0.001
2024-12-05,1.192,1.194,1.201,1.19,99961,1.86,11942226.0,0.92,-0.33,-0.004
2024-12-06,1.189,1.204,1.206,1.189,174730,3.25,20996702.0,1.42,0.84,0.01
2024-12-09,1.205,1.212,1.215,1.201,176678,3.33,21383566.0,1.16,0.66,0.008
2024-12-10,1.227,1.204,1.23,1.201,265038,4.93,32113359.0,2.39,-0.66,-0.008
2024-12-11,1.204,1.208,1.211,1.201,79703,1.48,9616728.0,0.83,0.33,0.004
2024-12-12,1.209,1.21,1.213,1.203,161759,3.05,19562249.0,0.83,0.17,0.002
2024-12-13,1.21,1.197,1.21,1.196,130182,2.42,15642308.0,1.16,-1.07,-0.013
2024-12-16,1.198,1.218,1.219,1.198,243886,4.53,29594038.0,1.75,1.75,0.021
2024-12-17,1.216,1.21,1.227,1.208,192122,3.57,23377545.0,1.56,-0.66,-0.008
2024-12-18,1.212,1.22,1.232,1.212,258485,4.8,31633224.0,1.65,0.83,0.01
2024-12-19,1.215,1.206,1.216,1.202,138328,2.61,16702402.0,1.15,-1.15,-0.014
2024-12-20,1.204,1.195,1.208,1.193,100944,1.88,12080189.0,1.24,-0.91,-0.011
2024-12-23,1.195,1.208,1.214,1.191,137556,2.59,16620296.0,1.92,1.09,0.013
2024-12-24,1.208,1.219,1.22,1.205,159144,2.96,19312923.0,1.24,0.91,0.011
2024-12-25,1.221,1.219,1.224,1.211,120694,2.24,14685825.0,1.07,0.0,0.0
2024-12-26,1.217,1.203,1.218,1.199,138526,2.57,16673244.0,1.56,-1.31,-0.016
2024-12-27,1.2,1.214,1.216,1.198,182669,3.39,22071460.0,1.5,0.91,0.011
2024-12-30,1.213,1.205,1.219,1.202,133532,2.69,16133319.0,1.4,-0.74,-0.009
2024-12-31,1.205,1.198,1.211,1.197,123841,2.3,14918700.0,1.16,-0.58,-0.007
2025-01-02,1.198,1.162,1.198,1.157,159681,3.01,18819916.0,3.42,-3.01,-0.036
2025-01-03,1.166,1.152,1.17,1.149,141200,2.62,16365413.0,1.81,-0.86,-0.01
2025-01-06,1.147,1.149,1.155,1.14,123499,2.29,14157241.0,1.3,-0.26,-0.003
2025-01-07,1.149,1.142,1.149,1.133,109541,2.04,12476121.0,1.39,-0.61,-0.007
2025-01-08,1.144,1.148,1.152,1.133,186913,3.47,21363425.0,1.66,0.53,0.006
2025-01-09,1.141,1.132,1.144,1.13,123295,2.29,13980843.0,1.22,-1.39,-0.016
2025-01-10,1.137,1.113,1.137,1.112,166720,3.13,18643928.0,2.21,-1.68,-0.019
2025-01-13,1.112,1.107,1.112,1.094,119725,2.26,13205919.0,1.62,-0.54,-0.006
2025-01-14,1.107,1.126,1.126,1.103,133112,2.47,14884134.0,2.08,1.72,0.019
2025-01-15,1.12,1.123,1.132,1.118,108367,2.01,12184553.0,1.24,-0.27,-0.003
2025-01-16,1.126,1.123,1.131,1.118,124363,2.31,13976061.0,1.16,0.0,0.0
2025-01-17,1.122,1.122,1.124,1.112,103646,1.93,11611691.0,1.07,-0.09,-0.001
2025-01-20,1.127,1.12,1.127,1.117,127020,2.36,14249081.0,0.89,-0.18,-0.002
2025-01-21,1.12,1.117,1.123,1.111,127568,2.37,14224532.0,1.07,-0.27,-0.003
2025-01-22,1.117,1.114,1.12,1.107,135481,2.55,15058691.0,1.16,-0.27,-0.003
2025-01-23,1.12,1.114,1.13,1.114,164670,3.06,18452478.0,1.44,0.0,0.0
2025-01-24,1.115,1.115,1.115,1.107,97989,1.82,10901291.0,0.72,0.09,0.001
2025-01-27,1.114,1.13,1.133,1.114,161572,3.04,18232690.0,1.7,1.35,0.015
2025-02-05,1.13,1.121,1.133,1.115,155854,2.9,17457323.0,1.59,-0.8,-0.009
2025-02-06,1.121,1.129,1.129,1.115,112768,2.1,12656313.0,1.25,0.71,0.008
2025-02-07,1.129,1.136,1.137,1.121,227945,4.24,25777036.0,1.42,0.62,0.007
2025-02-10,1.136,1.131,1.136,1.126,257192,4.85,29061934.0,0.88,-0.44,-0.005
2025-02-11,1.133,1.125,1.133,1.12,143795,2.67,16165504.0,1.15,-0.53,-0.006
2025-02-12,1.122,1.128,1.128,1.121,140861,2.65,15848510.0,0.62,0.27,0.003
2025-02-13,1.126,1.13,1.133,1.124,196368,3.65,22190519.0,0.8,0.18,0.002
2025-02-14,1.132,1.129,1.132,1.125,177867,3.31,20054738.0,0.62,-0.09,-0.001
2025-02-17,1.129,1.143,1.147,1.12,371047,6.9,42135321.0,2.39,1.24,0.014
2025-02-18,1.145,1.144,1.155,1.139,837980,15.57,96236569.0,1.4,0.09,0.001
2025-02-19,1.145,1.142,1.146,1.136,327628,6.09,37323816.0,0.87,-0.17,-0.002
2025-02-20,1.144,1.141,1.144,1.132,541174,10.06,61494581.0,1.05,-0.09,-0.001
2025-02-21,1.14,1.134,1.14,1.13,793971,14.96,89959171.0,0.88,-0.61,-0.007
2025-02-24,1.134,1.135,1.143,1.13,316241,5.96,35902043.0,1.15,0.09,0.001
2025-02-25,1.131,1.123,1.133,1.121,299572,5.57,33753339.0,1.06,-1.06,-0.012
2025-02-26,1.126,1.132,1.133,1.123,259164,4.82,29232011.0,0.89,0.8,0.009
2025-02-27,1.132,1.128,1.133,1.123,215841,4.01,24310839.0,0.88,-0.35,-0.004
2025-02-28,1.124,1.12,1.13,1.117,274038,5.09,30810066.0,1.15,-0.71,-0.008
2025-03-03,1.116,1.116,1.123,1.113,212714,3.95,23758655.0,0.89,-0.36,-0.004
2025-03-04,1.115,1.115,1.115,1.109,180830,3.36,20108811.0,0.54,-0.09,-0.001
2025-03-05,1.115,1.118,1.118,1.11,164706,3.06,18364391.0,0.72,0.27,0.003
2025-03-06,1.118,1.116,1.119,1.111,354891,6.67,39547380.0,0.72,-0.18,-0.002
2025-03-07,1.115,1.113,1.116,1.108,241351,4.49,26837062.0,0.72,-0.27,-0.003
2025-03-10,1.111,1.109,1.113,1.106,227938,4.24,25256670.0,0.63,-0.36,-0.004
2025-03-11,1.106,1.111,1.112,1.102,200977,3.73,22262226.0,0.9,0.18,0.002
2025-03-12,1.11,1.12,1.121,1.108,289442,5.38,32286504.0,1.17,0.81,0.009
2025-03-13,1.118,1.129,1.13,1.118,444013,8.25,49960014.0,1.07,0.8,0.009
2025-03-14,1.13,1.134,1.134,1.126,445571,8.28,50362080.0,0.71,0.44,0.005
2025-03-17,1.134,1.133,1.141,1.132,421844,7.84,47973747.0,0.79,-0.09,-0.001
2025-03-18,1.137,1.129,1.137,1.124,362797,6.74,40891272.0,1.15,-0.35,-0.004
2025-03-19,1.129,1.144,1.146,1.124,469483,8.72,53455156.0,1.95,1.33,0.015
2025-03-20,1.143,1.143,1.15,1.14,376397,6.99,43073452.0,0.87,-0.09,-0.001
2025-03-21,1.142,1.142,1.152,1.134,408676,7.7,46760743.0,1.57,-0.09,-0.001
2025-03-24,1.142,1.145,1.15,1.135,369735,6.87,42219951.0,1.31,0.26,0.003
2025-03-25,1.145,1.161,1.163,1.137,483764,8.99,55885773.0,2.27,1.4,0.016
2025-03-26,1.162,1.157,1.163,1.149,416491,7.74,48113249.0,1.21,-0.34,-0.004
2025-03-27,1.157,1.142,1.157,1.14,433990,8.06,49673399.0,1.47,-1.3,-0.015
2025-03-28,1.139,1.139,1.147,1.134,280010,5.2,31903369.0,1.14,-0.26,-0.003
2025-03-31,1.135,1.142,1.154,1.135,516727,9.6,59171962.0,1.67,0.26,0.003
2025-04-01,1.142,1.161,1.161,1.138,608933,11.32,70188928.0,2.01,1.66,0.019
2025-04-02,1.159,1.152,1.159,1.149,277535,5.16,31964181.0,0.86,-0.78,-0.009
2025-04-03,1.147,1.166,1.168,1.146,460596,8.56,53460988.0,1.91,1.22,0.014
2025-04-07,1.14,1.108,1.154,1.079,630452,11.72,70646764.0,6.43,-4.97,-0.058
2025-04-08,1.107,1.138,1.138,1.106,429835,7.99,48340329.0,2.89,2.71,0.03
2025-04-09,1.13,1.14,1.141,1.109,420792,9.55,47450190.0,2.81,0.18,0.002
2025-04-10,1.131,1.144,1.149,1.131,416550,7.74,47540739.0,1.58,0.35,0.004
2025-04-11,1.142,1.137,1.142,1.128,389291,7.23,44123319.0,1.22,-0.61,-0.007
2025-04-14,1.137,1.149,1.149,1.13,407599,7.57,46642845.0,1.67,1.06,0.012
2025-04-15,1.149,1.155,1.156,1.142,407437,7.57,46794279.0,1.22,0.52,0.006
2025-04-16,1.155,1.157,1.16,1.147,449678,8.36,51833318.0,1.13,0.17,0.002
2025-04-17,1.155,1.156,1.16,1.149,319057,5.93,36851126.0,0.95,-0.09,-0.001
2025-04-18,1.155,1.151,1.155,1.145,307896,5.72,35409691.0,0.87,-0.43,-0.005
2025-04-21,1.152,1.156,1.158,1.149,274802,5.11,31762080.0,0.78,0.43,0.005
2025-04-22,1.156,1.154,1.167,1.152,363757,6.86,42137332.0,1.3,-0.17,-0.002
2025-04-23,1.155,1.15,1.156,1.147,246718,4.58,28369219.0,0.78,-0.35,-0.004
2025-04-24,1.15,1.161,1.165,1.146,410444,7.63,47589505.0,1.65,0.96,0.011
2025-04-25,1.163,1.176,1.177,1.159,402122,7.58,47021961.0,1.55,1.29,0.015
2025-04-28,1.183,1.185,1.191,1.172,450734,8.49,53304093.0,1.62,0.77,0.009
2025-04-29,1.188,1.163,1.19,1.159,791804,14.71,92280327.0,2.62,-1.86,-0.022
2025-04-30,1.164,1.157,1.164,1.152,494683,9.19,57161241.0,1.03,-0.52,-0.006
2025-05-06,1.156,1.163,1.163,1.15,447676,8.32,51824562.0,1.12,0.52,0.006
2025-05-07,1.166,1.165,1.17,1.159,768360,14.28,89420728.0,0.95,0.17,0.002
2025-05-08,1.16,1.17,1.17,1.16,440645,8.19,51431973.0,0.86,0.43,0.005
2025-05-09,1.168,1.175,1.18,1.166,492723,9.16,57907764.0,1.2,0.43,0.005
2025-05-12,1.174,1.172,1.176,1.169,421993,7.84,49442068.0,0.6,-0.26,-0.003
2025-05-13,1.173,1.175,1.175,1.168,417143,7.75,48842796.0,0.6,0.26,0.003
2025-05-14,1.174,1.178,1.178,1.166,535277,9.95,62704854.0,1.02,0.26,0.003
2025-05-15,1.176,1.18,1.186,1.174,519437,9.79,61303608.0,1.02,0.17,0.002
2025-05-16,1.179,1.174,1.184,1.171,424582,7.89,49891962.0,1.1,-0.51,-0.006
2025-05-19,1.174,1.181,1.182,1.174,369024,6.86,43525570.0,0.68,0.6,0.007
2025-05-20,1.18,1.193,1.194,1.18,534779,9.94,63599997.0,1.19,1.02,0.012
2025-05-21,1.192,1.195,1.203,1.192,497163,9.24,59594618.0,0.92,0.17,0.002
2025-05-22,1.191,1.187,1.195,1.183,443145,8.35,52621666.0,1.0,-0.67,-0.008
2025-05-23,1.185,1.175,1.191,1.174,510509,9.62,60323045.0,1.43,-1.01,-0.012
2025-05-26,1.176,1.184,1.184,1.176,406510,7.55,47980029.0,0.68,0.77,0.009
2025-05-27,1.184,1.182,1.189,1.18,445599,8.28,52749935.0,0.76,-0.17,-0.002
2025-05-28,1.183,1.178,1.185,1.176,307144,5.77,36215049.0,0.76,-0.34,-0.004
2025-05-29,1.178,1.182,1.183,1.175,332651,6.18,39234578.0,0.68,0.34,0.004
2025-05-30,1.183,1.178,1.187,1.175,359375,6.77,42365688.0,1.02,-0.34,-0.004
2025-06-03,1.176,1.17,1.176,1.163,436329,8.11,50903514.0,1.1,-0.68,-0.008
2025-06-04,1.168,1.169,1.172,1.167,358857,6.67,41965333.0,0.43,-0.09,-0.001
2025-06-05,1.17,1.167,1.174,1.165,375024,7.07,43804881.0,0.77,-0.17,-0.002
2025-06-06,1.167,1.171,1.172,1.164,369316,6.86,43174785.0,0.69,0.34,0.004
2025-06-09,1.17,1.172,1.172,1.168,332188,6.26,38856426.0,0.34,0.09,0.001
2025-06-10,1.172,1.171,1.179,1.166,456013,8.59,53498502.0,1.11,-0.09,-0.001
2025-06-11,1.171,1.174,1.177,1.167,385816,7.27,45241307.0,0.85,0.26,0.003
2025-06-12,1.176,1.168,1.176,1.165,351333,6.53,41028173.0,0.94,-0.51,-0.006
2025-06-13,1.166,1.174,1.177,1.166,496619,9.23,58287480.0,0.94,0.51,0.006
