DateTime,ma_state,divergence_buy_condition,divergence_threshold,divergence_ratio,rsiValueThd,rsi,ma_buy_condition,rsi_buy_condition,buy_condition
2021-07-01,1.0,False,0.04,0.0,29,,False,False,False
2021-07-02,1.0,False,0.04,0.0,29,,False,False,False
2021-07-05,1.0,False,0.04,0.0,29,,False,False,False
2021-07-06,0.0,False,0.04,0.0034982508745626663,29,,False,False,False
2021-07-07,1.0,False,0.04,-0.00033300033300029635,29,,True,False,True
2021-07-08,1.0,False,0.04,-0.0016561775422325657,29,,False,False,False
2021-07-09,1.0,False,0.04,-0.00954541158680656,29,,False,False,False
2021-07-12,1.0,False,0.04,-0.0150558924225549,29,,False,False,False
2021-07-13,1.0,False,0.04,-0.010325131810193355,29,,False,False,False
2021-07-14,1.0,False,0.04,-0.0075832509066930875,29,,False,False,False
2021-07-15,1.0,False,0.04,-0.0006298362425768407,29,,False,False,False
2021-07-16,0.0,False,0.04,0.009835523596991724,29,38.05996318355906,False,False,False
2021-07-19,0.0,False,0.04,0.01715991047003232,29,34.602445849911675,False,False,False
2021-07-20,0.0,False,0.04,0.023807548734964774,29,38.87792522019731,False,False,False
2021-07-21,0.0,False,0.04,0.01576763485477182,29,51.7626405628493,False,False,False
2021-07-22,0.0,False,0.04,0.004470938897168574,29,54.97510807017714,False,False,False
2021-07-23,1.0,False,0.04,-0.002980132450331239,29,49.944312811449976,False,False,False
2021-07-26,1.0,False,0.04,-0.004066052609741815,29,49.4914147933646,False,False,False
2021-07-27,0.0,False,0.04,0.0011637572734830527,29,45.414392537418216,False,False,False
2021-07-28,0.0,False,0.04,0.006092980552541521,29,38.777143357267974,False,False,False
2021-07-29,1.0,False,0.04,-0.0007510640073436542,29,57.61550854251723,False,False,False
2021-07-30,1.0,False,0.04,-0.008915923673027267,29,57.20355572836198,False,False,False
2021-08-02,1.0,False,0.04,-0.023286759813705794,29,58.19006574431998,False,False,False
2021-08-03,1.0,False,0.04,-0.01667911376649245,29,51.642715528033094,False,False,False
2021-08-04,1.0,False,0.04,-0.014042623492483062,29,57.896073043533924,False,False,False
2021-08-05,1.0,False,0.04,-0.011271081859316898,29,58.22619587395086,False,False,False
2021-08-06,1.0,False,0.04,-0.013149243918474553,29,53.60307404601336,False,False,False
2021-08-09,1.0,False,0.04,-0.007563301545544272,29,49.69665128900388,False,False,False
2021-08-10,1.0,False,0.04,-0.0027095820674932557,29,53.042704070265266,False,False,False
2021-08-11,1.0,False,0.04,-8.202772537105713e-05,29,51.170645321371325,False,False,False
2021-08-12,1.0,False,0.04,-0.0009003847098305739,29,53.430587238255555,False,False,False
2021-08-13,0.0,False,0.04,0.006207121855602713,29,45.945424831977604,False,False,False
2021-08-16,0.0,False,0.04,0.009411572141746406,29,43.83451263420204,False,False,False
2021-08-17,0.0,False,0.04,0.019549860358140225,29,36.15930769892685,False,False,False
2021-08-18,0.0,False,0.04,0.02599224358445405,29,33.97787677443917,False,False,False
2021-08-19,0.0,False,0.04,0.026526733327824306,29,45.37141548352574,False,False,False
2021-08-20,0.0,False,0.04,0.020150924620615407,29,43.13809346774426,False,False,False
2021-08-23,0.0,False,0.04,0.006564187785625311,29,51.460670560867406,False,False,False
2021-08-24,1.0,False,0.04,-0.0006651147322914685,29,54.17862192043194,False,False,False
2021-08-25,1.0,False,0.04,-0.0036642238507661965,29,45.391616688259546,False,False,False
2021-08-26,0.0,False,0.04,0.005018400802944021,29,37.99660348628287,False,False,False
2021-08-27,0.0,False,0.04,0.018994789040174744,29,35.35653924356657,False,False,False
2021-08-30,0.0,False,0.04,0.02705444707473786,29,33.56099829434373,False,False,False
2021-08-31,0.0,False,0.04,0.03300442327322217,29,29.345624668137248,False,False,False
2021-09-01,0.0,False,0.04,0.03861631989040166,29,27.25369636228247,False,False,False
2021-09-02,0.0,True,0.04,0.047553411440385863,29,24.38543992534281,False,False,True
2021-09-03,0.0,True,0.04,0.050407067382643216,29,25.534855355704536,False,False,True
2021-09-06,0.0,True,0.04,0.042940510408500915,29,35.74221941982536,False,False,True
2021-09-07,0.0,False,0.04,0.03064261950621608,29,35.742219419825375,False,False,False
2021-09-08,0.0,False,0.04,0.021272839615146977,29,31.603897760047673,False,False,False
2021-09-09,0.0,False,0.04,0.020051688797789905,29,29.59372330600776,False,False,False
2021-09-10,0.0,False,0.04,0.01641108420769436,29,38.236402037149176,False,False,False
2021-09-13,0.0,False,0.04,0.01597328760942158,29,31.796241139734178,False,False,False
2021-09-14,0.0,False,0.04,0.011879931078262348,29,34.81547595621285,False,False,False
2021-09-15,0.0,False,0.04,0.016405395552315117,29,32.692853149837106,False,False,False
2021-09-16,0.0,False,0.04,0.01933119560238199,29,27.998572294019567,False,False,False
2021-09-17,0.0,False,0.04,0.02456075797994664,29,29.66494454254247,False,False,False
2021-09-22,0.0,False,0.04,0.02850290563601137,29,29.41532647335518,False,False,False
2021-09-23,0.0,False,0.04,0.023767687043373686,29,31.935362173382373,False,False,False
2021-09-24,0.0,False,0.04,0.01670998886000744,29,35.72190789128585,False,False,False
2021-09-27,0.0,False,0.04,0.009786559791220098,29,35.007809532901746,False,False,False
2021-09-28,0.0,False,0.04,0.00823045267489721,29,31.85560463220132,False,False,False
2021-09-29,0.0,False,0.04,0.011071495590167041,29,30.194135481645333,False,False,False
2021-09-30,0.0,False,0.04,0.007719826774618744,29,39.8557797770887,False,False,False
2021-10-08,0.0,False,0.04,0.0034876048637950095,29,39.427016385894106,False,False,False
2021-10-11,1.0,False,0.04,-0.0006615631792835486,29,35.63209377417907,False,False,False
2021-10-12,0.0,False,0.04,0.007210626185958219,29,28.57319067253573,False,True,True
2021-10-13,0.0,False,0.04,0.012340991076514176,29,38.19360814061959,False,False,False
2021-10-14,0.0,False,0.04,0.013490404712141395,29,38.79811177366516,False,False,False
2021-10-15,0.0,False,0.04,0.003894007028207758,29,44.74302247410973,False,False,False
2021-10-18,0.0,False,0.04,0.0013305455236646828,29,42.04737359189498,False,False,False
2021-10-19,1.0,False,0.04,-0.003993154592127848,29,47.287431952094586,False,False,False
2021-10-20,1.0,False,0.04,-0.006463878326996373,29,49.51895562912806,False,False,False
2021-10-21,1.0,False,0.04,-0.007793195210036016,29,44.82261373887071,False,False,False
2021-10-22,1.0,False,0.04,-0.0066451490412000784,29,47.84535781860527,False,False,False
2021-10-25,1.0,False,0.04,-0.007590132827324526,29,52.431739489581275,False,False,False
2021-10-26,1.0,False,0.04,-0.011284969179705916,29,51.19372243834729,False,False,False
2021-10-27,1.0,False,0.04,-0.009101251422070543,29,44.79469053641839,False,False,False
2021-10-28,1.0,False,0.04,-0.0013245033112582582,29,43.702167657807486,False,False,False
2021-10-29,1.0,False,0.04,-0.0033949453036591255,29,58.67093488194897,False,False,False
2021-11-01,1.0,False,0.04,-0.01024532380862863,29,59.547331027341336,False,False,False
2021-11-02,1.0,False,0.04,-0.01931370710669429,29,60.469415685707446,False,False,False
2021-11-03,1.0,False,0.04,-0.01654978962131842,29,57.581849758787406,False,False,False
2021-11-04,1.0,False,0.04,-0.0161335447169635,29,61.614461874898964,False,False,False
2021-11-05,1.0,False,0.04,-0.012573344509639544,29,54.491419264312846,False,False,False
2021-11-08,1.0,False,0.04,-0.010498931524667925,29,56.16377984339022,False,False,False
2021-11-09,1.0,False,0.04,-0.008985641500694514,29,61.82238668996028,False,False,False
2021-11-10,1.0,False,0.04,-0.012199630314232789,29,62.30892268099681,False,False,False
2021-11-11,1.0,False,0.04,-0.0165806927044951,29,66.53150025868091,False,False,False
2021-11-12,1.0,False,0.04,-0.017235056839017292,29,68.67604844941283,False,False,False
2021-11-15,1.0,False,0.04,-0.01569916027747338,29,63.32034219517969,False,False,False
2021-11-16,1.0,False,0.04,-0.011213419637159123,29,56.82123713301634,False,False,False
2021-11-17,1.0,False,0.04,-0.008369723435225546,29,63.07467174929208,False,False,False
2021-11-18,1.0,False,0.04,-0.005724670604270882,29,57.01891031674085,False,False,False
2021-11-19,1.0,False,0.04,-0.008610532040242804,29,62.468952106922394,False,False,False
2021-11-22,1.0,False,0.04,-0.014354066985645916,29,71.22563156466475,False,False,False
2021-11-23,1.0,False,0.04,-0.02120776419841822,29,69.01165063706023,False,False,False
2021-11-24,1.0,False,0.04,-0.023538888391658373,29,66.72998867250921,False,False,False
2021-11-25,1.0,False,0.04,-0.017493752231345926,29,64.38830324362218,False,False,False
2021-11-26,1.0,False,0.04,-0.01131000089055131,29,60.496261627107685,False,False,False
2021-11-29,1.0,False,0.04,-0.009153114724962053,29,64.29478509477818,False,False,False
2021-11-30,1.0,False,0.04,-0.008251264306627547,29,63.45580687507887,False,False,False
2021-12-01,1.0,False,0.04,-0.00620237462342728,29,56.19614110784471,False,False,False
2021-12-02,0.0,False,0.04,0.003896563939071952,29,45.403380541938255,False,False,False
2021-12-03,0.0,False,0.04,0.009648579268832315,29,51.96911196263925,False,False,False
2021-12-06,0.0,False,0.04,0.01797892126472414,29,42.30317559635298,False,False,False
2021-12-07,0.0,False,0.04,0.02335909050537351,29,36.42050019431569,False,False,False
2021-12-08,0.0,False,0.04,0.02656444999108568,29,44.85569754623213,False,False,False
2021-12-09,0.0,False,0.04,0.020824023594601927,29,49.29554638078112,False,False,False
2021-12-10,0.0,False,0.04,0.008057296329453723,29,52.563165668751076,False,False,False
2021-12-13,0.0,False,0.04,0.0014347202295553175,29,51.51968788325241,False,False,False
2021-12-14,0.0,False,0.04,0.0006288743149761234,29,47.381035774244594,False,False,False
2021-12-15,0.0,False,0.04,0.003515096890490946,29,43.980505445371236,False,False,False
2021-12-16,0.0,False,0.04,0.006058413961479273,29,43.49001974306661,False,False,False
2021-12-17,0.0,False,0.04,0.010893246187363844,29,36.3543438703336,False,False,False
2021-12-20,0.0,False,0.04,0.020512352994803706,29,29.391855135413294,False,False,False
2021-12-21,0.0,False,0.04,0.02720527617477334,29,33.400554165266854,False,False,False
2021-12-22,0.0,False,0.04,0.029768467475193093,29,33.400554165266854,False,False,False
2021-12-23,0.0,False,0.04,0.026231017027151336,29,33.02246669893499,False,False,False
2021-12-24,0.0,False,0.04,0.026058029939013204,29,29.694700872315437,False,False,False
2021-12-27,0.0,False,0.04,0.0253505432259262,29,29.333410833879086,False,False,False
2021-12-28,0.0,False,0.04,0.021649869354236753,29,35.38667781636673,False,False,False
2021-12-29,0.0,False,0.04,0.01698414187857734,29,31.94648051352351,False,False,False
2021-12-30,0.0,False,0.04,0.00951304511632296,29,40.67037747739548,False,False,False
2021-12-31,0.0,False,0.04,0.0016042276115882598,29,49.145277413683495,False,False,False
2022-01-04,1.0,False,0.04,-0.004166666666666586,29,40.36364573771583,False,False,False
2022-01-05,0.0,False,0.04,0.0002850898032881309,29,34.36033317085308,False,False,False
2022-01-06,0.0,False,0.04,0.013714285714285726,29,32.065212941594964,False,False,False
2022-01-07,0.0,False,0.04,0.023522662076879027,29,28.215145272748487,False,False,False
2022-01-10,0.0,False,0.04,0.02523265854360552,29,32.98139702375771,False,False,False
2022-01-11,0.0,False,0.04,0.027558296396222953,29,29.58580943234155,False,False,False
2022-01-12,0.0,False,0.04,0.023381642512077166,29,34.94405789244587,False,False,False
2022-01-13,0.0,False,0.04,0.02521334367726914,29,31.33728045523408,False,False,False
2022-01-14,0.0,False,0.04,0.01946282600233547,29,37.17349708688721,False,False,False
2022-01-17,0.0,False,0.04,0.012860483242400635,29,46.12803851660921,False,False,False
2022-01-18,0.0,False,0.04,0.00029288294444996605,29,47.16350761003777,False,False,False
2022-01-19,1.0,False,0.04,-0.007157564467104614,29,42.65430347933184,False,False,False
2022-01-20,1.0,False,0.04,-0.003640657286234372,29,38.59528746599663,False,False,False
2022-01-21,0.0,False,0.04,0.004340962904499126,29,35.96033737918779,False,False,False
2022-01-24,0.0,False,0.04,0.007013731107379383,29,40.43367430459118,False,False,False
2022-01-25,0.0,False,0.04,0.012668250197941464,29,33.456077875654486,False,False,False
2022-01-26,0.0,False,0.04,0.01548233425962672,29,32.800665890388615,False,False,False
2022-01-27,0.0,False,0.04,0.027285401314479103,29,27.722732519001667,False,False,False
2022-01-28,0.0,False,0.04,0.03201280512204889,29,26.654706110962252,False,False,False
2022-02-07,0.0,False,0.04,0.03734939759036135,29,26.375274433774806,False,False,False
2022-02-08,0.0,True,0.04,0.040517328483378655,29,21.841590934666343,False,False,True
2022-02-09,0.0,False,0.04,0.03991853360488793,29,23.449829779306015,False,False,False
2022-02-10,0.0,True,0.04,0.044014808720691155,29,19.666212680624895,False,False,True
2022-02-11,0.0,True,0.04,0.04455291307508562,29,17.97704748764926,False,False,True
2022-02-14,0.0,True,0.04,0.04757912387340173,29,17.607367457069188,False,False,True
2022-02-15,0.0,False,0.04,0.037435410734999286,29,33.420859793878535,False,False,False
2022-02-16,0.0,False,0.04,0.02390311271645588,29,32.12884379361692,False,False,False
2022-02-17,0.0,False,0.04,0.00907247304941815,29,36.829871065610696,False,False,False
2022-02-18,0.0,False,0.04,0.004612249275984046,29,35.29329397742457,False,False,False
2022-02-21,0.0,False,0.04,0.0015069967707210398,29,33.74464938661474,False,False,False
2022-02-22,0.0,False,0.04,0.00475572849113696,29,30.438942587213077,False,False,False
2022-02-23,1.0,False,0.04,-0.0036772658446896224,29,49.26878053512094,True,False,True
2022-02-24,1.0,False,0.04,-0.012204341721568153,29,49.751433606622356,False,False,False
2022-02-25,1.0,False,0.04,-0.026415094339622747,29,52.250027026901115,False,False,False
2022-02-28,1.0,False,0.04,-0.026632302405498205,29,54.2518608455245,False,False,False
2022-03-01,1.0,False,0.04,-0.024478888295029262,29,52.438197825658115,False,False,False
2022-03-02,1.0,False,0.04,-0.018096657440919726,29,48.84574266055451,False,False,False
2022-03-03,1.0,False,0.04,-0.008510638297872396,29,42.44804166620612,False,False,False
2022-03-04,0.0,False,0.04,0.0014884116521369118,29,40.502884892258116,False,False,False
2022-03-07,0.0,False,0.04,0.015240328253223941,29,31.711312713609246,False,False,False
2022-03-08,0.0,False,0.04,0.03017333618660399,29,26.528796734097142,False,True,True
2022-03-09,0.0,True,0.04,0.046861564918314697,29,24.34090494064,False,False,True
2022-03-10,0.0,True,0.04,0.04952627045650315,29,35.40914168549786,False,False,True
2022-03-11,0.0,False,0.04,0.03958468526930589,29,38.32803904246425,False,False,False
2022-03-14,0.0,False,0.04,0.033115468409585895,29,31.19488405699701,False,False,False
2022-03-15,0.0,False,0.04,0.03848691444908718,29,27.52055269426758,False,False,False
2022-03-16,0.0,True,0.04,0.04170363797692975,29,34.32762464352632,False,False,True
2022-03-17,0.0,False,0.04,0.030262423227247436,29,41.39153660596191,False,False,False
2022-03-18,0.0,False,0.04,0.013600089917950019,29,40.36804065745026,False,False,False
2022-03-21,0.0,False,0.04,0.0014677656091228667,29,43.444640589084145,False,False,False
2022-03-22,1.0,False,0.04,-0.000567472477584926,29,39.690425615298096,False,False,False
2022-03-23,1.0,False,0.04,-0.003525531672921709,29,42.94447805243835,False,False,False
2022-03-24,0.0,False,0.04,0.000341413451689959,29,40.53846348553508,False,False,False
2022-03-25,0.0,False,0.04,0.006497207340704326,29,34.51213138806072,False,False,False
2022-03-28,0.0,False,0.04,0.016603687163632353,29,31.7624286104502,False,False,False
2022-03-29,0.0,False,0.04,0.02661596958174934,29,29.203048199260166,False,False,False
2022-03-30,0.0,False,0.04,0.02445777572681118,29,40.853221962452686,False,False,False
2022-03-31,0.0,False,0.04,0.02436770989721655,29,36.55250350452062,False,False,False
2022-04-01,0.0,False,0.04,0.0184049079754601,29,37.11268286005007,False,False,False
2022-04-06,0.0,False,0.04,0.02714036109493283,29,31.076441779287705,False,False,False
2022-04-07,0.0,False,0.04,0.03485506395962907,29,27.838987097987086,False,False,False
2022-04-08,0.0,True,0.04,0.04500236854571302,29,26.22102112324025,False,False,True
2022-04-11,0.0,True,0.04,0.05603448275862073,29,21.34699952970155,False,False,True
2022-04-12,0.0,True,0.04,0.05848165637486379,29,24.4370763925578,False,False,True
2022-04-13,0.0,True,0.04,0.06424717999019107,29,21.468198996570294,False,False,True
2022-04-14,0.0,True,0.04,0.05934828397968024,29,22.11870139711762,False,False,True
2022-04-15,0.0,True,0.04,0.057911194496560306,29,22.11870139711762,False,False,True
2022-04-18,0.0,True,0.04,0.04177151484650219,29,35.12356219708225,False,False,True
2022-04-19,0.0,False,0.04,0.02693089430894317,29,32.442014440773306,False,False,False
2022-04-20,0.0,False,0.04,0.01692307692307711,29,29.928589526512326,False,False,False
2022-04-21,0.0,False,0.04,0.02125453602903066,29,27.105301385683532,False,False,False
2022-04-22,0.0,False,0.04,0.02708360591390813,29,24.984130294841577,False,False,False
2022-04-25,0.0,True,0.04,0.04479194275112643,29,18.453533217090552,False,True,True
2022-04-26,0.0,True,0.04,0.06204673650282028,29,17.122904053279484,False,False,True
2022-04-27,0.0,True,0.04,0.06760411032990818,29,30.837443782645636,False,False,True
2022-04-28,0.0,True,0.04,0.05369310438811674,29,30.178247634102092,False,False,True
2022-04-29,0.0,False,0.04,0.024989758295780398,29,42.37356805056972,False,False,False
2022-05-05,0.0,False,0.04,0.0072473677013536845,29,44.73321403613647,False,False,False
2022-05-06,1.0,False,0.04,-0.00808994926642006,29,41.609581729339084,False,False,False
2022-05-09,1.0,False,0.04,-0.013090808874190464,29,43.3501118224324,False,False,False
2022-05-10,1.0,False,0.04,-0.020560231820063602,29,50.27897014024259,False,False,False
2022-05-11,1.0,False,0.04,-0.040055058499656064,29,56.77821224240558,False,False,False
2022-05-12,1.0,False,0.04,-0.05727596601808741,29,58.04812263002417,False,False,False
2022-05-13,1.0,False,0.04,-0.06416019615856189,29,58.3843704766365,False,False,False
2022-05-16,1.0,False,0.04,-0.051807879114948774,29,54.092190953734814,False,False,False
2022-05-17,1.0,False,0.04,-0.03972274060250588,29,57.52688513078819,False,False,False
2022-05-18,1.0,False,0.04,-0.03157616594001854,29,58.289710077309095,False,False,False
2022-05-19,1.0,False,0.04,-0.03332026656213248,29,63.35717189958293,False,False,False
2022-05-20,1.0,False,0.04,-0.035904082955281934,29,65.02642414637063,False,False,False
2022-05-23,1.0,False,0.04,-0.038600102933607855,29,65.37345241836871,False,False,False
2022-05-24,1.0,False,0.04,-0.02138558074017163,29,49.247567869657566,False,False,False
2022-05-25,1.0,False,0.04,-0.004205428826303092,29,51.44346140432615,False,False,False
2022-05-26,0.0,False,0.04,0.012333121424030513,29,50.015223450173735,False,False,False
2022-05-27,0.0,False,0.04,0.013105993128896888,29,47.59278399129895,False,False,False
2022-05-30,0.0,False,0.04,0.014389405322806513,29,49.735169457948345,False,False,False
2022-05-31,0.0,False,0.04,0.006738715829624856,29,58.58190321503051,False,False,False
2022-06-01,1.0,False,0.04,-0.0019023462270132759,29,57.99099722045503,False,False,False
2022-06-02,1.0,False,0.04,-0.022821838355818944,29,69.74162850277503,False,False,False
2022-06-06,1.0,False,0.04,-0.04386951631046136,29,75.37103887214298,False,False,False
2022-06-07,1.0,False,0.04,-0.06361829025844926,29,70.38496076345719,False,False,False
2022-06-08,1.0,False,0.04,-0.06722689075630237,29,70.85624216059334,False,False,False
2022-06-09,1.0,False,0.04,-0.05016639960557137,29,59.41552400442899,False,False,False
2022-06-10,1.0,False,0.04,-0.038160469667318855,29,63.00001857814374,False,False,False
2022-06-13,1.0,False,0.04,-0.023821098687408816,29,60.08144245870047,False,False,False
2022-06-14,1.0,False,0.04,-0.016318143357911253,29,55.37806774349419,False,False,False
2022-06-15,1.0,False,0.04,-0.002883229216722572,29,55.75903400454988,False,False,False
2022-06-16,0.0,False,0.04,0.006329869819658366,29,56.57468395063149,False,False,False
2022-06-17,0.0,False,0.04,0.004873410198502414,29,60.57265323060758,False,False,False
2022-06-20,0.0,False,0.04,0.004021764845043639,29,60.57265323060758,False,False,False
2022-06-21,0.0,False,0.04,0.00248432509168331,29,56.19091920792104,False,False,False
2022-06-22,0.0,False,0.04,0.006178707224334712,29,50.455412159187674,False,False,False
2022-06-23,0.0,False,0.04,0.006666666666666883,29,56.33817686876813,False,False,False
2022-06-24,1.0,False,0.04,-0.00035744072441316215,29,61.006698645624425,False,False,False
2022-06-27,1.0,False,0.04,-0.010225921521997763,29,61.823108213059676,False,False,False
2022-06-28,1.0,False,0.04,-0.018285442887675182,29,64.67091911326078,False,False,False
2022-06-29,1.0,False,0.04,-0.014719848053181507,29,54.457267207100244,False,False,False
2022-06-30,1.0,False,0.04,-0.012903989582100152,29,59.31638015762234,False,False,False
2022-07-01,1.0,False,0.04,-0.004374039484572793,29,53.597839759930416,False,False,False
2022-07-04,1.0,False,0.04,-0.004014167650531475,29,54.084762518335204,False,False,False
2022-07-05,0.0,False,0.04,0.001771583795913352,29,51.697794676922186,False,False,False
2022-07-06,1.0,False,0.04,0.0,29,55.97260914720646,False,False,False
2022-07-07,1.0,False,0.04,-0.0025912838633685405,29,58.96847214106429,False,False,False
2022-07-08,1.0,False,0.04,-0.004815032295948265,29,56.8411911510095,False,False,False
2022-07-11,0.0,False,0.04,0.0009398496240602033,29,46.91263259130595,False,False,False
2022-07-12,0.0,False,0.04,0.013911813251591488,29,39.35164378966215,False,False,False
2022-07-13,0.0,False,0.04,0.024251744942623617,29,41.302835183198546,False,False,False
2022-07-14,0.0,False,0.04,0.022665242672362522,29,47.49640846221092,False,False,False
2022-07-15,0.0,False,0.04,0.0164012360351794,29,45.898198848280046,False,False,False
2022-07-18,0.0,False,0.04,0.009174311926605606,29,47.829245520689405,False,False,False
2022-07-19,0.0,False,0.04,0.01002865329512895,29,44.346936174969834,False,False,False
2022-07-20,0.0,False,0.04,0.006814106395696083,29,49.102577404667336,False,False,False
2022-07-21,0.0,False,0.04,0.001912045889101128,29,55.12803138373134,False,False,False
2022-07-22,1.0,False,0.04,-0.0060997488338716726,29,53.72869239346208,False,False,False
2022-07-25,1.0,False,0.04,-0.008633093525179865,29,48.330767702452,False,False,False
2022-07-26,1.0,False,0.04,-0.007805932508706558,29,51.66901782367917,False,False,False
2022-07-27,1.0,False,0.04,-0.008516252848746573,29,56.04262098591407,False,False,False
2022-07-28,1.0,False,0.04,-0.014690075241848932,29,61.51526169669802,False,False,False
2022-07-29,1.0,False,0.04,-0.014889815366289406,29,53.4616147099455,False,False,False
2022-08-01,1.0,False,0.04,-0.014740846409890594,29,56.32087472107142,False,False,False
2022-08-02,1.0,False,0.04,-0.008423300510143573,29,54.126085132292566,False,False,False
2022-08-03,1.0,False,0.04,-0.009115662365336749,29,56.606258390755734,False,False,False
2022-08-04,1.0,False,0.04,-0.009553013327043332,29,61.218988354070845,False,False,False
2022-08-05,1.0,False,0.04,-0.02447593395011121,29,74.34381854975175,False,False,False
2022-08-08,1.0,False,0.04,-0.035776716000466245,29,68.51383332572047,False,False,False
2022-08-09,1.0,False,0.04,-0.04472769409038224,29,70.12451689774647,False,False,False
2022-08-10,1.0,False,0.04,-0.03444303651653055,29,65.68887770400474,False,False,False
2022-08-11,1.0,False,0.04,-0.03295194508009156,29,70.18381098606935,False,False,False
2022-08-12,1.0,False,0.04,-0.02325581395348824,29,57.4476168144926,False,False,False
2022-08-15,1.0,False,0.04,-0.017511939959063038,29,57.44761681449259,False,False,False
2022-08-16,1.0,False,0.04,-0.0029471775107685104,29,54.458167938966355,False,False,False
2022-08-17,0.0,False,0.04,0.0026009272871197705,29,53.23916973901249,False,False,False
2022-08-18,0.0,False,0.04,0.005746478873239554,29,57.43172473495208,False,False,False
2022-08-19,0.0,False,0.04,0.012267867191896454,29,47.00170028302261,False,False,False
2022-08-22,0.0,False,0.04,0.01800990544799651,29,45.48721772470582,False,False,False
2022-08-23,0.0,False,0.04,0.024533634821933454,29,43.93015493062477,False,False,False
2022-08-24,0.0,False,0.04,0.031047424087342124,29,34.76650461107944,False,False,False
2022-08-25,0.0,False,0.04,0.03954154727793704,29,31.036229951799513,False,False,False
2022-08-26,0.0,True,0.04,0.04920304920304917,29,29.455988718057668,False,False,True
2022-08-29,0.0,True,0.04,0.04708624708624687,29,31.001759595302943,False,False,True
2022-08-30,0.0,True,0.04,0.04236591949301712,29,30.632585420661712,False,False,True
2022-08-31,0.0,False,0.04,0.03988637708604555,29,26.17528045250053,False,False,False
2022-09-01,0.0,False,0.04,0.03961813842482094,29,25.54621676319026,False,False,False
2022-09-02,0.0,False,0.04,0.03763376217386095,29,29.28505898434105,False,False,False
2022-09-05,0.0,False,0.04,0.0302147797597378,29,27.39357862107589,False,False,False
2022-09-06,0.0,False,0.04,0.020876571847149285,29,34.80471170041032,False,False,False
2022-09-07,0.0,False,0.04,0.010056414029923837,29,42.828700956933275,False,False,False
2022-09-08,1.0,False,0.04,-0.00036977690126969087,29,39.121233143994495,False,False,False
2022-09-09,1.0,False,0.04,-0.0021021392358104934,29,36.16916193718428,False,False,False
2022-09-13,0.0,False,0.04,0.002849708834097567,29,35.675616417684964,False,False,False
2022-09-14,0.0,False,0.04,0.0060816681146827105,29,34.138363229302826,False,False,False
2022-09-15,0.0,False,0.04,0.012462612163509593,29,26.9104198462704,False,True,True
2022-09-16,0.0,False,0.04,0.019652021529603044,29,25.84807557471551,False,False,False
2022-09-19,0.0,False,0.04,0.031933618305255214,29,21.75445332964682,False,False,False
2022-09-20,0.0,False,0.04,0.034065102195306535,29,26.667971695862477,False,False,False
2022-09-21,0.0,False,0.04,0.03728125792543759,29,24.013923829707025,False,False,False
2022-09-22,0.0,False,0.04,0.03335879806468048,29,27.01035277154955,False,False,False
2022-09-23,0.0,False,0.04,0.034853921066119856,29,23.598256251958034,False,False,False
2022-09-26,0.0,False,0.04,0.030600387346675174,29,24.64536956389034,False,False,False
2022-09-27,0.0,False,0.04,0.025188262788885994,29,33.648186184044704,False,False,False
2022-09-28,0.0,False,0.04,0.020386826973340322,29,28.279856396368473,False,False,False
2022-09-29,0.0,False,0.04,0.014591823320625884,29,31.95426751688612,False,False,False
2022-09-30,0.0,False,0.04,0.019867549668874274,29,26.379390342020912,False,False,False
2022-10-10,0.0,False,0.04,0.03140451690498456,29,19.60652716239811,False,False,False
2022-10-11,0.0,True,0.04,0.04733648010788941,29,18.819126245603,False,False,True
2022-10-12,0.0,True,0.04,0.04795448387970753,29,34.687926311869845,False,False,True
2022-10-13,0.0,False,0.04,0.03198584456240653,29,36.54840279487678,False,False,False
2022-10-14,0.0,False,0.04,0.00817884405670666,29,45.63392877523583,False,False,False
2022-10-17,1.0,False,0.04,-0.0053242320819110395,29,47.19344294788705,False,False,False
2022-10-18,1.0,False,0.04,-0.01665301665301682,29,48.28139462894812,False,False,False
2022-10-19,1.0,False,0.04,-0.016124624214266237,29,44.26840272517839,False,False,False
2022-10-20,1.0,False,0.04,-0.019286007386130552,29,49.984454869470945,False,False,False
2022-10-21,1.0,False,0.04,-0.020357972400601117,29,51.08810610017836,False,False,False
2022-10-24,1.0,False,0.04,-0.025949194209232505,29,50.47551554283797,False,False,False
2022-10-25,1.0,False,0.04,-0.026004084411164096,29,53.53956953522604,False,False,False
2022-10-26,1.0,False,0.04,-0.02926500337154418,29,63.480984248511355,False,False,False
2022-10-27,1.0,False,0.04,-0.033635878270154865,29,64.7263566175968,False,False,False
2022-10-28,1.0,False,0.04,-0.035543766578249314,29,59.516927475617024,False,False,False
2022-10-31,1.0,False,0.04,-0.0312047399605004,29,64.06215520359635,False,False,False
2022-11-01,1.0,False,0.04,-0.03062025647736206,29,67.29360579484936,False,False,False
2022-11-02,1.0,False,0.04,-0.037941787941787916,29,70.8923821164381,False,False,False
2022-11-03,1.0,False,0.04,-0.04141401109534244,29,71.91227076296877,False,False,False
2022-11-04,1.0,False,0.04,-0.04609883795173016,29,76.94716912649076,False,False,False
2022-11-07,1.0,False,0.04,-0.043963005194476,29,70.41340881315742,False,False,False
2022-11-08,1.0,False,0.04,-0.038006544173169066,29,65.09344648930487,False,False,False
2022-11-09,1.0,False,0.04,-0.020893281621418774,29,60.09872654921633,False,False,False
2022-11-10,1.0,False,0.04,-0.005979073243647239,29,55.420939531103556,False,False,False
2022-11-11,0.0,False,0.04,0.003980099502487455,29,53.45932118622668,False,False,False
2022-11-14,0.0,False,0.04,0.008568235440208667,29,55.75613157712509,False,False,False
2022-11-15,0.0,False,0.04,0.005688844917140769,29,62.39136295403892,False,False,False
2022-11-16,0.0,False,0.04,0.0034567901234567387,29,55.99617670267982,False,False,False
2022-11-17,0.0,False,0.04,0.0022205773501109485,29,55.99617670267982,False,False,False
2022-11-18,0.0,False,0.04,0.007656211410224725,29,53.07076544705651,False,False,False
2022-11-21,0.0,False,0.04,0.008284901694076826,29,53.07076544705651,False,False,False
2022-11-22,0.0,False,0.04,0.010560318051931748,29,45.82828204012391,False,False,False
2022-11-23,0.0,False,0.04,0.011095873332502287,29,47.407276122751135,False,False,False
2022-11-24,0.0,False,0.04,0.013253313328331956,29,45.93449067554074,False,False,False
2022-11-25,0.0,False,0.04,0.014296463506395716,29,40.410629296533166,False,False,False
2022-11-28,0.0,False,0.04,0.02025412001509619,29,35.68958524960574,False,False,False
2022-11-29,0.0,False,0.04,0.02217741935483895,29,43.81275264173011,False,False,False
2022-11-30,0.0,False,0.04,0.021480919888804642,29,40.673167483387004,False,False,False
2022-12-01,0.0,False,0.04,0.011663286004056693,29,48.04483362291086,False,False,False
2022-12-02,0.0,False,0.04,0.007495870918561999,29,48.04483362291085,False,False,False
2022-12-05,0.0,False,0.04,0.0011460588310202053,29,47.255412191212315,False,False,False
2022-12-06,0.0,False,0.04,0.0006379992344008484,29,45.606814677379965,False,False,False
2022-12-07,0.0,False,0.04,0.0020470829068578427,29,41.61436835574387,False,False,False
2022-12-08,0.0,False,0.04,0.0038431975403534924,29,42.717566407178914,False,False,False
2022-12-09,0.0,False,0.04,0.005133470225872808,29,41.012706815343485,False,False,False
2022-12-12,0.0,False,0.04,0.002183686576750091,29,46.846447297604335,False,False,False
2022-12-13,0.0,False,0.04,0.004629629629629634,29,38.475167818814484,False,False,False
2022-12-14,0.0,False,0.04,0.009396318702535713,29,34.416146287574165,False,False,False
2022-12-15,0.0,False,0.04,0.014051824158824115,29,39.125664612429766,False,False,False
2022-12-16,0.0,False,0.04,0.017308189098424336,29,33.78785731418408,False,False,False
2022-12-19,0.0,False,0.04,0.0214146658014277,29,27.163632538938373,False,False,False
2022-12-20,0.0,False,0.04,0.028437255413514044,29,26.29133163796432,False,False,False
2022-12-21,0.0,False,0.04,0.035043969024806394,29,22.685309547650192,False,False,False
2022-12-22,0.0,False,0.04,0.037526427061310694,29,20.612116195373304,False,False,False
2022-12-23,0.0,True,0.04,0.040829897592765105,29,19.62565080113832,False,False,True
2022-12-26,0.0,False,0.04,0.03232701041944964,29,38.09348545102237,False,False,False
2022-12-27,0.0,False,0.04,0.017553262762964164,29,44.67402271729385,False,False,False
2022-12-28,0.0,False,0.04,0.0024226110363394365,29,41.631591844497784,False,False,False
2022-12-29,1.0,False,0.04,-0.003104332568497971,29,43.32973226528308,True,False,True
2022-12-30,1.0,False,0.04,-0.003921568627450908,29,44.22225521217685,False,False,False
2023-01-03,1.0,False,0.04,-0.012856949519556305,29,53.82224686006284,False,False,False
2023-01-04,1.0,False,0.04,-0.018408229561451137,29,51.38992746477205,False,False,False
2023-01-05,1.0,False,0.04,-0.02323068611561332,29,54.41158142827263,False,False,False
2023-01-06,1.0,False,0.04,-0.023293388986131626,29,58.00127413112882,False,False,False
2023-01-09,1.0,False,0.04,-0.023330651649235833,29,57.01362188202771,False,False,False
2023-01-10,1.0,False,0.04,-0.020413609072715028,29,57.01362188202771,False,False,False
2023-01-11,1.0,False,0.04,-0.010895562051554472,29,48.09505924310771,False,False,False
2023-01-12,1.0,False,0.04,-0.004244031830238612,29,48.09505924310771,False,False,False
2023-01-13,0.0,False,0.04,0.0009275208692196317,29,49.164185228333814,False,False,False
2023-01-16,1.0,False,0.04,-0.002773741909919476,29,60.03129775340521,True,False,True
2023-01-17,1.0,False,0.04,-0.009080142123963731,29,64.23615510983677,False,False,False
2023-01-18,1.0,False,0.04,-0.01534023862593424,29,64.91289257697906,False,False,False
2023-01-19,1.0,False,0.04,-0.020386826973340145,29,70.44877333154952,False,False,False
2023-01-20,1.0,False,0.04,-0.02419984387197513,29,73.5133318363624,False,False,False
2023-01-30,1.0,False,0.04,-0.028378903719061793,29,74.00750795963583,False,False,False
2023-01-31,1.0,False,0.04,-0.02431453698913614,29,60.37701825007721,False,False,False
2023-02-01,1.0,False,0.04,-0.02049761505736751,29,66.01101268111464,False,False,False
2023-02-02,1.0,False,0.04,-0.016957862281603477,29,67.15270490350508,False,False,False
2023-02-03,1.0,False,0.04,-0.018665302991562247,29,68.32313555987831,False,False,False
2023-02-06,1.0,False,0.04,-0.012735608762098952,29,59.06305694095895,False,False,False
2023-02-07,1.0,False,0.04,-0.005583756345177556,29,57.98250277939105,False,False,False
2023-02-08,0.0,False,0.04,0.002914712964136206,29,52.681573095578464,False,False,False
2023-02-09,0.0,False,0.04,0.0008848438882569285,29,63.648624412529514,False,False,False
2023-02-10,0.0,False,0.04,0.0005047955577990357,29,57.75845456300574,False,False,False
2023-02-13,1.0,False,0.04,-0.003531786074671827,29,57.75845456300574,False,False,False
2023-02-14,1.0,False,0.04,-0.00037854889589901186,29,56.70027808103399,False,False,False
2023-02-15,1.0,False,0.04,0.0,29,55.58018222064395,False,False,False
2023-02-16,0.0,False,0.04,0.005178729316660286,29,46.4883864674776,False,False,False
2023-02-17,0.0,False,0.04,0.01368474404460214,29,36.898176136305324,False,False,False
2023-02-20,0.0,False,0.04,0.01880081300813004,29,43.76897213964933,False,False,False
2023-02-21,0.0,False,0.04,0.01987767584097861,29,42.320724346375734,False,False,False
2023-02-22,0.0,False,0.04,0.01686254471129264,29,39.449046492828224,False,False,False
2023-02-23,0.0,False,0.04,0.016771220074254287,29,41.6275256980915,False,False,False
2023-02-24,0.0,False,0.04,0.0162841389921784,29,41.6275256980915,False,False,False
2023-02-27,0.0,False,0.04,0.013000386150083606,29,39.07589402278963,False,False,False
2023-02-28,0.0,False,0.04,0.01071382470633779,29,41.696683133773334,False,False,False
2023-03-01,0.0,False,0.04,0.006857290723250031,29,46.7373538770356,False,False,False
2023-03-02,0.0,False,0.04,0.003113648157758176,29,42.67855561263512,False,False,False
2023-03-03,1.0,False,0.04,-0.0014298713115819732,29,48.793105367791796,False,False,False
2023-03-06,1.0,False,0.04,-0.005069543741063266,29,55.11340861657501,False,False,False
2023-03-07,1.0,False,0.04,-0.004808317089018833,29,44.12918220917106,False,False,False
2023-03-08,1.0,False,0.04,-0.0036401456058243516,29,46.27085030672628,False,False,False
2023-03-09,1.0,False,0.04,-0.0002599428125810303,29,49.466993450194,False,False,False
2023-03-10,1.0,False,0.04,-0.0005197505197504624,29,45.49749899360143,False,False,False
2023-03-13,1.0,False,0.04,-0.000779423226812073,29,47.801285254004725,False,False,False
2023-03-14,1.0,False,0.04,-0.0033722438391697103,29,57.64746669306915,False,False,False
2023-03-15,1.0,False,0.04,-0.007637540453074628,29,57.647466693069155,False,False,False
2023-03-16,1.0,False,0.04,-0.006471654154801944,29,45.2531305697379,False,False,False
2023-03-17,1.0,False,0.04,-0.006074705958381821,29,57.09222558567336,False,False,False
2023-03-20,1.0,False,0.04,-0.008247422680412321,29,62.226728998634954,False,False,False
2023-03-21,1.0,False,0.04,-0.017228079197737365,29,62.226728998634954,False,False,False
2023-03-22,1.0,False,0.04,-0.020533880903490894,29,63.546290292313614,False,False,False
2023-03-23,1.0,False,0.04,-0.02400408580183869,29,71.70189657310628,False,False,False
2023-03-24,1.0,False,0.04,-0.02845528455284544,29,72.6009418757634,False,False,False
2023-03-27,1.0,False,0.04,-0.03186646433990898,29,71.35411554986324,False,False,False
2023-03-28,1.0,False,0.04,-0.023056570492629602,29,59.0776747856013,False,False,False
2023-03-29,1.0,False,0.04,-0.018801704687891805,29,67.02124497938352,False,False,False
2023-03-30,1.0,False,0.04,-0.017846000249594266,29,68.91749701480852,False,False,False
2023-03-31,1.0,False,0.04,-0.025322740814299752,29,72.40785482588927,False,False,False
2023-04-03,1.0,False,0.04,-0.03416072745146228,29,80.52624778103144,False,False,False
2023-04-04,1.0,False,0.04,-0.0437324887318797,29,81.2022387701562,False,False,False
2023-04-06,1.0,False,0.04,-0.05491852745926379,29,83.87101988788208,False,False,False
2023-04-07,1.0,False,0.04,-0.05509740647782939,29,84.9554151668116,False,False,False
2023-04-10,1.0,False,0.04,-0.04640949554896121,29,66.83235303405772,False,False,False
2023-04-11,1.0,False,0.04,-0.032486709982279705,29,64.760116189949,False,False,False
2023-04-12,1.0,False,0.04,-0.01891669604041823,29,67.6980548982225,False,False,False
2023-04-13,1.0,False,0.04,-0.009367681498829258,29,56.11855183376622,False,False,False
2023-04-14,1.0,False,0.04,-0.007672634271099673,29,64.32293157374815,False,False,False
2023-04-17,1.0,False,0.04,-0.004623208506703605,29,64.97773217088638,False,False,False
2023-04-18,1.0,False,0.04,-0.00793924749741116,29,60.68935332639742,False,False,False
2023-04-19,1.0,False,0.04,-0.0027510316368639792,29,61.48817048759331,False,False,False
2023-04-20,1.0,False,0.04,-0.00662857142857146,29,68.52392204618639,False,False,False
2023-04-21,1.0,False,0.04,-0.0044596912521437425,29,53.47817802642806,False,False,False
2023-04-24,0.0,False,0.04,0.0019511075404567268,29,47.71586381338998,False,False,False
2023-04-25,0.0,False,0.04,0.02112432182846587,29,43.315307058836694,False,False,False
2023-04-26,0.0,False,0.04,0.032101054583381486,29,41.224275637410834,False,False,False
2023-04-27,0.0,False,0.04,0.03698534542916968,29,41.22427563741084,False,False,False
2023-04-28,0.0,False,0.04,0.030797946803546306,29,47.82726014155337,False,False,False
2023-05-04,0.0,False,0.04,0.02841772892059407,29,42.566991438830065,False,False,False
2023-05-05,0.0,False,0.04,0.027065191809837453,29,38.94281676725882,False,False,False
2023-05-08,0.0,False,0.04,0.029829545454545636,29,41.674061338378166,False,False,False
2023-05-09,0.0,False,0.04,0.03157393065649948,29,37.272413723377525,False,False,False
2023-05-10,0.0,False,0.04,0.031584003842920504,29,34.28492296186528,False,False,False
2023-05-11,0.0,False,0.04,0.030935339075579264,29,35.54773127827309,False,False,False
2023-05-12,0.0,False,0.04,0.030317848410757867,29,33.09896384946916,False,False,False
2023-05-15,0.0,False,0.04,0.025073746312684227,29,36.53407590831646,False,False,False
2023-05-16,0.0,False,0.04,0.021838371375693912,29,37.242988999757934,False,False,False
2023-05-17,0.0,False,0.04,0.01546838262591258,29,38.00472358498378,False,False,False
2023-05-18,0.0,False,0.04,0.010421836228288014,29,40.39230236793618,False,False,False
2023-05-19,0.0,False,0.04,0.0023658323994520283,29,44.32339510753966,False,False,False
2023-05-22,1.0,False,0.04,-0.0013734548632788265,29,40.77389590318423,False,False,False
2023-05-23,0.0,False,0.04,0.0010015022533801264,29,36.01504624442577,False,False,False
2023-05-24,0.0,False,0.04,0.006785624528776164,29,34.07096514402308,False,False,False
2023-05-25,0.0,False,0.04,0.008809463881198123,29,39.46280106737272,False,False,False
2023-05-26,0.0,False,0.04,0.0032687955745536582,29,48.03352198334506,False,False,False
2023-05-29,1.0,False,0.04,-0.003016591251885204,29,45.45912176276358,False,False,False
2023-05-30,1.0,False,0.04,-0.007652741186801982,29,49.8904702375895,False,False,False
2023-05-31,1.0,False,0.04,-0.010015022533800764,29,54.62197066002947,False,False,False
2023-06-01,1.0,False,0.04,-0.015611340077432189,29,56.55583459540344,False,False,False
2023-06-02,1.0,False,0.04,-0.017574473389006664,29,54.841900166999146,False,False,False
2023-06-05,1.0,False,0.04,-0.016054760423148948,29,53.94279005509707,False,False,False
2023-06-06,1.0,False,0.04,-0.0066060077277825605,29,40.17645612019596,False,False,False
2023-06-07,0.0,False,0.04,0.003368683718028824,29,39.02332615380278,False,False,False
2023-06-08,0.0,False,0.04,0.016606317892370916,29,35.140279782891426,False,False,False
2023-06-09,0.0,False,0.04,0.015584091759132387,29,46.78887193942362,False,False,False
2023-06-12,0.0,False,0.04,0.013958125623130563,29,44.88858078006848,False,False,False
2023-06-13,0.0,False,0.04,0.0037378519810614707,29,52.03192092989458,False,False,False
2023-06-14,0.0,False,0.04,0.002491280518186571,29,49.22458444025643,False,False,False
2023-06-15,1.0,False,0.04,-0.0002493143854401785,29,47.80595395144789,False,False,False
2023-06-16,1.0,False,0.04,-0.003366163819972367,29,56.14716066747001,False,False,False
2023-06-19,1.0,False,0.04,-0.009229234222998234,29,56.78030260481223,False,False,False
2023-06-20,1.0,False,0.04,-0.015469061876247463,29,55.89263447309504,False,False,False
2023-06-21,1.0,False,0.04,-0.0073814587764292295,29,40.55104538519866,False,False,False
2023-06-26,0.0,False,0.04,0.004006009013520339,29,40.00205084193243,False,False,False
2023-06-27,0.0,False,0.04,0.014775857751064402,29,40.882440945959374,False,False,False
2023-06-28,0.0,False,0.04,0.016524787180771338,29,38.994219530826136,False,False,False
2023-06-29,0.0,False,0.04,0.01756146512794772,29,36.520319794243264,False,False,False
2023-06-30,0.0,False,0.04,0.01909547738693491,29,37.60884276153116,False,False,False
2023-07-03,0.0,False,0.04,0.017508502330268214,29,38.76389887576061,False,False,False
2023-07-04,0.0,False,0.04,0.012108980827447033,29,45.43145051043894,False,False,False
2023-07-05,0.0,False,0.04,0.010491720389331334,29,39.17535688680447,False,False,False
2023-07-06,0.0,False,0.04,0.008247684304022269,29,38.44738247748445,False,False,False
2023-07-07,0.0,False,0.04,0.01121876593574719,29,34.2471655590049,False,False,False
2023-07-10,0.0,False,0.04,0.010245901639344327,29,34.2471655590049,False,False,False
2023-07-11,0.0,False,0.04,0.009616617515066,29,40.77154851290173,False,False,False
2023-07-12,0.0,False,0.04,0.009895900269888297,29,33.4660189998649,False,False,False
2023-07-13,0.0,False,0.04,0.0073368515896510555,29,41.53275507387752,False,False,False
2023-07-14,0.0,False,0.04,0.008507347254446945,29,40.0082511490891,False,False,False
2023-07-17,0.0,False,0.04,0.006971340046475692,29,36.340027923388135,False,False,False
2023-07-18,0.0,False,0.04,0.009701202949165662,29,34.9308431756901,False,False,False
2023-07-19,0.0,False,0.04,0.012838801711840368,29,32.18509820549065,False,False,False
2023-07-20,0.0,False,0.04,0.015761365116581997,29,27.43988159833357,False,False,False
2023-07-21,0.0,False,0.04,0.020269386687589937,29,25.381696018684764,False,False,False
2023-07-24,0.0,False,0.04,0.023634453781512625,29,24.376087402266464,False,False,False
2023-07-25,0.0,False,0.04,0.020397420713251777,29,35.60225857236058,False,False,False
2023-07-26,0.0,False,0.04,0.016229053964902818,29,33.547964359516996,False,False,False
2023-07-27,0.0,False,0.04,0.012319512518214388,29,30.33857969702852,False,False,False
2023-07-28,0.0,False,0.04,0.011546118115461324,29,38.149029563712,False,False,False
2023-07-31,0.0,False,0.04,0.005851063829787122,29,44.939732416335936,False,False,False
2023-08-01,1.0,False,0.04,-0.0014656895403063008,29,43.2006124419686,False,False,False
2023-08-02,1.0,False,0.04,-0.004936624416277508,29,43.2006124419686,False,False,False
2023-08-03,1.0,False,0.04,-0.005741754573374362,29,45.741314276442644,False,False,False
2023-08-04,1.0,False,0.04,-0.007878221391374037,29,48.285869945461286,False,False,False
2023-08-07,1.0,False,0.04,-0.007340184171893849,29,43.7699953981225,False,False,False
2023-08-08,1.0,False,0.04,-0.0040010669511870755,29,40.63473786996915,False,False,False
2023-08-09,0.0,False,0.04,0.002666666666666551,29,35.91791784233969,False,False,False
2023-08-10,0.0,False,0.04,0.005336179295624279,29,39.031839020272436,False,False,False
2023-08-11,0.0,False,0.04,0.011626353066951724,29,29.55363848936706,False,False,False
2023-08-14,0.0,False,0.04,0.018746652383502843,29,25.569466921640526,False,False,False
2023-08-15,0.0,False,0.04,0.029439440785051913,29,21.864011779452383,False,False,False
2023-08-16,0.0,False,0.04,0.03664638269100772,29,18.539271282615687,False,False,False
2023-08-17,0.0,False,0.04,0.03791275988585405,29,26.711917271112284,False,False,False
2023-08-18,0.0,False,0.04,0.03689532659196496,29,24.462231282729675,False,False,False
2023-08-21,0.0,False,0.04,0.03398926654740619,29,21.304337338282764,False,False,False
2023-08-22,0.0,False,0.04,0.030739407366380624,29,31.08972707524407,False,False,False
2023-08-23,0.0,False,0.04,0.03153781747139293,29,24.74388596785016,False,False,False
2023-08-24,0.0,False,0.04,0.026556133202191818,29,28.99518359502777,False,False,False
2023-08-25,0.0,False,0.04,0.031435853865760345,29,24.763467220405687,False,False,False
2023-08-28,0.0,False,0.04,0.025392296718972952,29,29.880294711440385,False,False,False
2023-08-29,0.0,False,0.04,0.012006861063464849,29,49.51845072426695,False,False,False
2023-08-30,1.0,False,0.04,-0.013135351227869673,29,57.13672449933403,False,False,False
2023-08-31,1.0,False,0.04,-0.034610454351232195,29,57.60589510704171,False,False,False
2023-09-01,1.0,False,0.04,-0.038193951441147386,29,54.95899878709072,False,False,False
2023-09-04,1.0,False,0.04,-0.035400736335315645,29,56.604027105995016,False,False,False
2023-09-05,1.0,False,0.04,-0.028393840937985478,29,51.752625777530476,False,False,False
2023-09-06,1.0,False,0.04,-0.02336054038840422,29,53.01816181899592,False,False,False
2023-09-07,1.0,False,0.04,-0.008587920596930866,29,40.245006177137064,False,False,False
2023-09-08,0.0,False,0.04,0.003934794828555497,29,40.956248328789165,False,False,False
2023-09-11,0.0,False,0.04,0.015289661944171692,29,43.89457973847134,False,False,False
2023-09-12,0.0,False,0.04,0.017484962931878522,29,41.61641968553934,False,False,False
2023-09-13,0.0,False,0.04,0.022917831190609365,29,37.35155986393585,False,False,False
2023-09-14,0.0,False,0.04,0.029164329781267494,29,34.89315720868649,False,False,False
2023-09-15,0.0,False,0.04,0.03030303030303035,29,36.72557769352499,False,False,False
2023-09-18,0.0,False,0.04,0.028069180606748064,29,35.095766921808206,False,False,False
2023-09-19,0.0,False,0.04,0.025238842150292574,29,32.95105348040475,False,False,False
2023-09-20,0.0,False,0.04,0.02527283170591604,29,30.396902502873516,False,False,False
2023-09-21,0.0,False,0.04,0.025870790576672967,29,28.917514285445122,False,False,False
2023-09-22,0.0,False,0.04,0.01727893131987806,29,43.92709527943346,False,False,False
2023-09-25,0.0,False,0.04,0.011497598602823553,29,40.19281380654811,False,False,False
2023-09-26,0.0,False,0.04,0.0037934053107674063,29,40.19281380654811,False,False,False
2023-09-27,0.0,False,0.04,0.0024864706742724575,29,44.03091881413938,False,False,False
2023-09-28,1.0,False,0.04,-0.003514938488576453,29,47.72137714583975,False,False,False
2023-10-09,1.0,False,0.04,-0.008349201699135842,29,47.72137714583977,False,False,False
2023-10-10,1.0,False,0.04,-0.008787346221440936,29,45.02703870053078,False,False,False
2023-10-11,1.0,False,0.04,-0.009805356358846865,29,51.10087333315885,False,False,False
2023-10-12,1.0,False,0.04,-0.012125639152666012,29,54.76593179014677,False,False,False
2023-10-13,1.0,False,0.04,-0.013418903150524972,29,49.6491775291729,False,False,False
2023-10-16,1.0,False,0.04,-0.005684302579799015,29,40.49359847552801,False,False,False
2023-10-17,0.0,False,0.04,0.0026185627000291944,29,45.517072891796346,False,False,False
2023-10-18,0.0,False,0.04,0.008885651857246895,29,40.280404745222725,False,False,False
2023-10-19,0.0,False,0.04,0.010056843025798047,29,39.565105607076035,False,False,False
2023-10-20,0.0,False,0.04,0.015905442871735006,29,36.69772285224907,False,False,False
2023-10-23,0.0,False,0.04,0.023289878423905057,29,28.69208157381398,False,True,True
2023-10-24,0.0,False,0.04,0.026455026455026284,29,36.33124901473206,False,False,False
2023-10-25,0.0,False,0.04,0.027282111782922818,29,36.33124901473205,False,False,False
2023-10-26,0.0,False,0.04,0.020263274663511056,29,36.33124901473205,False,False,False
2023-10-27,0.0,False,0.04,0.013349154553544658,29,44.27677366928367,False,False,False
2023-10-30,0.0,False,0.04,0.0013374944271064065,29,53.41280283246306,False,False,False
2023-10-31,1.0,False,0.04,-0.009078731954159836,29,51.55328541044784,False,False,False
2023-11-01,1.0,False,0.04,-0.011911852293031445,29,47.88567514745352,False,False,False
2023-11-02,1.0,False,0.04,-0.007756563245823528,29,44.41028862366385,False,False,False
2023-11-03,1.0,False,0.04,-0.007305799910541415,29,52.06415029030749,False,False,False
2023-11-06,1.0,False,0.04,-0.013539651837524072,29,59.69462938105454,False,False,False
2023-11-07,1.0,False,0.04,-0.021516545481525255,29,59.69462938105454,False,False,False
2023-11-08,1.0,False,0.04,-0.024793388429752088,29,63.23524237146225,False,False,False
2023-11-09,1.0,False,0.04,-0.021902102013817374,29,59.769931258151615,False,False,False
2023-11-10,1.0,False,0.04,-0.017723743957814755,29,56.371818586940954,False,False,False
2023-11-13,1.0,False,0.04,-0.012835472578762878,29,60.48998289952521,False,False,False
2023-11-14,1.0,False,0.04,-0.012930408252215534,29,64.20647889185403,False,False,False
2023-11-15,1.0,False,0.04,-0.015366772977674735,29,61.65468715896696,False,False,False
2023-11-16,1.0,False,0.04,-0.010282404055032612,29,50.59512915338302,False,False,False
2023-11-17,1.0,False,0.04,-0.003035120682179364,29,53.35621192247488,False,False,False
2023-11-20,0.0,False,0.04,0.0027381467070185764,29,55.19258522750104,False,False,False
2023-11-21,0.0,False,0.04,0.0037431615318168445,29,49.80075982820134,False,False,False
2023-11-22,0.0,False,0.04,0.008941447937698275,29,41.72915542689652,False,False,False
2023-11-23,0.0,False,0.04,0.013572047357782314,29,46.007424642398625,False,False,False
2023-11-24,0.0,False,0.04,0.018539976825029048,29,38.9327416008452,False,False,False
2023-11-27,0.0,False,0.04,0.01698359703875731,29,43.20263853268591,False,False,False
2023-11-28,0.0,False,0.04,0.017737714451875337,29,44.2741537311317,False,False,False
2023-11-29,0.0,False,0.04,0.014729473530698296,29,40.11209495714318,False,False,False
2023-11-30,0.0,False,0.04,0.01288056206089007,29,41.325566308139265,False,False,False
2023-12-01,0.0,False,0.04,0.010569583088667067,29,45.00298805960298,False,False,False
2023-12-04,0.0,False,0.04,0.008531921153280417,29,41.214419563173365,False,False,False
2023-12-05,0.0,False,0.04,0.011966317033535293,29,32.253952061325094,False,False,False
2023-12-06,0.0,False,0.04,0.015576323987538807,29,36.07585042833041,False,False,False
2023-12-07,0.0,False,0.04,0.01801399434271252,29,35.34472612568612,False,False,False
2023-12-08,0.0,False,0.04,0.01013110846245538,29,47.13082014061359,False,False,False
2023-12-11,1.0,False,0.04,-0.0001490090895544464,29,54.439473316748774,False,False,False
2023-12-12,1.0,False,0.04,-0.00833829660512217,29,51.5025828961126,False,False,False
2023-12-13,1.0,False,0.04,-0.008493518104604638,29,46.03849556386249,False,False,False
2023-12-14,1.0,False,0.04,-0.0017910447761194045,29,41.957983474211275,False,False,False
2023-12-15,0.0,False,0.04,0.006129466287935537,29,38.23065263512797,False,False,False
2023-12-18,0.0,False,0.04,0.01258992805755377,29,34.82737940754356,False,False,False
2023-12-19,0.0,False,0.04,0.013822115384615462,29,39.56192598810005,False,False,False
2023-12-20,0.0,False,0.04,0.01582040078348658,29,34.70819235730089,False,False,False
2023-12-21,0.0,False,0.04,0.013409673045050603,29,42.47193238012066,False,False,False
2023-12-22,0.0,False,0.04,0.014326647564469743,29,40.21747026855271,False,False,False
2023-12-25,0.0,False,0.04,0.012532085157783509,29,37.99874823896503,False,False,False
2023-12-26,0.0,False,0.04,0.016671718702636944,29,33.285572366145374,False,False,False
2023-12-27,0.0,False,0.04,0.016902695294655056,29,35.7886859330241,False,False,False
2023-12-28,0.0,False,0.04,0.01022744619142125,29,48.53340253129114,False,False,False
2023-12-29,1.0,False,0.04,-0.0007641754546841076,29,50.340423014350556,False,False,False
2024-01-02,1.0,False,0.04,-0.006581968467779059,29,44.3459341793852,False,False,False
2024-01-03,1.0,False,0.04,-0.0010734549915657969,29,39.20994381641003,False,False,False
2024-01-04,0.0,False,0.04,0.008757105546166905,29,35.939497379343095,False,False,False
2024-01-05,0.0,False,0.04,0.018821351434742548,29,29.90350963715605,False,False,False
2024-01-08,0.0,False,0.04,0.03272840080657682,29,23.88606372078769,False,False,False
2024-01-09,0.0,True,0.04,0.04214798626287848,29,24.992926241123428,False,False,True
2024-01-10,0.0,True,0.04,0.04714016341923343,29,23.48991047008255,False,False,True
2024-01-11,0.0,False,0.04,0.03931785883467559,29,32.429657528893244,False,False,False
2024-01-12,0.0,False,0.04,0.03649635036496371,29,29.151239803832567,False,False,False
2024-01-15,0.0,False,0.04,0.032237472071497034,29,27.825142990515943,False,False,False
2024-01-16,0.0,False,0.04,0.030225080385851977,29,30.15513332865008,False,False,False
2024-01-17,0.0,False,0.04,0.030204611886976318,29,24.151623311546913,False,False,False
2024-01-18,0.0,False,0.04,0.024869109947643967,29,33.51202056474277,False,False,False
2024-01-19,0.0,False,0.04,0.023393739703459693,29,32.06124637057536,False,False,False
2024-01-22,0.0,False,0.04,0.02093718843469615,29,25.895493778689456,False,False,False
2024-01-23,0.0,False,0.04,0.023737880307589384,29,30.77672379222875,False,False,False
2024-01-24,0.0,False,0.04,0.026501174102649995,29,31.7655299423687,False,False,False
2024-01-25,0.0,False,0.04,0.013947235758695825,29,41.031147509714984,False,False,False
2024-01-26,0.0,False,0.04,0.01197099983139451,29,34.35923849080207,False,False,False
2024-01-29,0.0,False,0.04,0.01493550577053637,29,29.842601833263842,False,False,False
2024-01-30,0.0,False,0.04,0.035781544256120575,29,23.878640455101717,False,False,False
2024-01-31,0.0,True,0.04,0.053250345781466125,29,21.626638551023504,False,False,True
2024-02-01,0.0,True,0.04,0.061452513966480535,29,24.246237430008094,False,False,True
2024-02-02,0.0,True,0.04,0.06575004406839419,29,20.914117341363763,False,False,True
2024-02-05,0.0,True,0.04,0.059494121838261464,29,25.25972316739154,False,False,True
2024-02-06,0.0,True,0.04,0.04100268576544317,29,43.6513876313617,False,False,True
2024-02-07,0.0,False,0.04,0.007518796992481091,29,51.017339596144,False,False,False
2024-02-08,1.0,False,0.04,-0.025420694593626867,29,52.826211566499715,False,False,False
2024-02-19,1.0,False,0.04,-0.04291845493562236,29,55.95713034720366,False,False,False
2024-02-20,1.0,False,0.04,-0.04889844169801181,29,53.18371832470577,False,False,False
2024-02-21,1.0,False,0.04,-0.05116279069767438,29,54.666648566651105,False,False,False
2024-02-22,1.0,False,0.04,-0.04741532976827095,29,55.695778801142744,False,False,False
2024-02-23,1.0,False,0.04,-0.044770837019996484,29,56.775169070819864,False,False,False
2024-02-26,1.0,False,0.04,-0.03945291951604429,29,57.90333699531846,False,False,False
2024-02-27,1.0,False,0.04,-0.04314676832438039,29,66.92451016809824,False,False,False
2024-02-28,1.0,False,0.04,-0.03597122302158277,29,57.02045312441326,False,False,False
2024-02-29,1.0,False,0.04,-0.03901368012160117,29,65.45555130781025,False,False,False
2024-03-01,1.0,False,0.04,-0.036442661317285296,29,67.14436436442874,False,False,False
2024-03-04,1.0,False,0.04,-0.04676616915422878,29,67.83623183434767,False,False,False
2024-03-05,1.0,False,0.04,-0.044279835390946674,29,68.20448089460676,False,False,False
2024-03-06,1.0,False,0.04,-0.03781306269438553,29,64.93336945351948,False,False,False
2024-03-07,1.0,False,0.04,-0.023468057366362472,29,56.06068966547133,False,False,False
2024-03-08,1.0,False,0.04,-0.011031797534068652,29,58.15711739381256,False,False,False
2024-03-11,1.0,False,0.04,-0.006934365424931343,29,63.43455281153842,False,False,False
2024-03-12,1.0,False,0.04,-0.010425020048115395,29,62.64444941645009,False,False,False
2024-03-13,1.0,False,0.04,-0.01164831657890537,29,62.64444941645009,False,False,False
2024-03-14,1.0,False,0.04,-0.005102040816326393,29,55.904174069716966,False,False,False
2024-03-15,0.0,False,0.04,0.0015888147442008626,29,57.77811795818478,False,False,False
2024-03-18,0.0,False,0.04,0.00015860428231581633,29,63.47027569176589,False,False,False
2024-03-19,1.0,False,0.04,-0.002856236115518991,29,55.99657050657587,False,False,False
2024-03-20,1.0,False,0.04,-0.005238926813780022,29,57.22771272371488,False,False,False
2024-03-21,0.0,False,0.04,0.0014310701224358416,29,52.390571425525565,False,False,False
2024-03-22,0.0,False,0.04,0.006373486297004396,29,47.26373034011305,False,False,False
2024-03-25,0.0,False,0.04,0.01786853860880658,29,42.67051038114728,False,False,False
2024-03-26,0.0,False,0.04,0.027839999999999917,29,39.08882254805183,False,False,False
2024-03-27,0.0,False,0.04,0.03801546391752577,29,32.572585009137356,False,False,False
2024-03-28,0.0,True,0.04,0.04098493439170573,29,37.83394714926051,False,False,True
2024-03-29,0.0,True,0.04,0.04007820136852399,29,37.83394714926051,False,False,True
2024-04-01,0.0,False,0.04,0.027945742768426183,29,44.78489022731013,False,False,False
2024-04-02,0.0,False,0.04,0.02117183653372719,29,42.19031708823503,False,False,False
2024-04-03,0.0,False,0.04,0.016198347107437994,29,37.95720855520895,False,False,False
2024-04-08,0.0,False,0.04,0.023984010659560316,29,31.918255516245907,False,False,False
2024-04-09,0.0,False,0.04,0.025830258302582978,29,37.39635245949836,False,False,False
2024-04-10,0.0,False,0.04,0.028050016897600602,29,33.44893746464646,False,False,False
2024-04-11,0.0,False,0.04,0.02226755056943718,29,35.32628234365937,False,False,False
2024-04-12,0.0,False,0.04,0.022207037922787783,29,34.78656875646787,False,False,False
2024-04-15,0.0,False,0.04,0.013529713992122045,29,42.51517688354455,False,False,False
2024-04-16,0.0,False,0.04,0.014074836937864795,29,36.05272004728756,False,False,False
2024-04-17,0.0,False,0.04,0.007218975592987173,29,45.21327330520344,False,False,False
2024-04-18,0.0,False,0.04,0.006887052341597841,29,43.95397736380876,False,False,False
2024-04-19,0.0,False,0.04,0.002768166089965439,29,38.115190315542094,False,False,False
2024-04-22,0.0,False,0.04,0.007471763683753246,29,37.56626263489154,False,False,False
2024-04-23,0.0,False,0.04,0.012552301255230137,29,36.980419218103926,False,False,False
2024-04-24,0.0,False,0.04,0.009590235396686884,29,42.86149004733817,False,False,False
2024-04-25,0.0,False,0.04,0.006462882096069856,29,40.76895303575837,False,False,False
2024-04-26,1.0,False,0.04,-0.002789400278940069,29,51.95065971021642,False,False,False
2024-04-29,1.0,False,0.04,-0.01545407188748038,29,60.7322318399027,False,False,False
2024-04-30,1.0,False,0.04,-0.02785949126146385,29,57.433300628307826,False,False,False
2024-05-06,1.0,False,0.04,-0.03570812489218559,29,60.93460734336561,False,False,False
2024-05-07,1.0,False,0.04,-0.02937639580828045,29,56.66226952824567,False,False,False
2024-05-08,1.0,False,0.04,-0.02470830473575843,29,51.862413378105444,False,False,False
2024-05-09,1.0,False,0.04,-0.02120383036935699,29,58.88598846459265,False,False,False
2024-05-10,1.0,False,0.04,-0.015840572304547846,29,53.42904598329551,False,False,False
2024-05-13,1.0,False,0.04,-0.013405735618530453,29,51.91697754434258,False,False,False
2024-05-14,1.0,False,0.04,-0.0018603077963807635,29,49.600826456422915,False,False,False
2024-05-15,0.0,False,0.04,0.0074324324324325135,29,44.504777521659285,False,False,False
2024-05-16,0.0,False,0.04,0.01686909581646429,29,43.11266547418691,False,False,False
2024-05-17,0.0,False,0.04,0.019568151147098607,29,47.6185281219296,False,False,False
2024-05-20,0.0,False,0.04,0.014198782961460347,29,49.38259449325516,False,False,False
2024-05-21,0.0,False,0.04,0.010672539386752453,29,45.19680262724365,False,False,False
2024-05-22,0.0,False,0.04,0.007983692882622755,29,48.10024347363666,False,False,False
2024-05-23,0.0,False,0.04,0.011588275391956233,29,41.630589371716106,False,False,False
2024-05-24,0.0,False,0.04,0.01744782757440976,29,35.69004680337429,False,False,False
2024-05-27,0.0,False,0.04,0.019412472083834315,29,43.564272257855784,False,False,False
2024-05-28,0.0,False,0.04,0.018100327529736327,29,42.1451811759391,False,False,False
2024-05-29,0.0,False,0.04,0.010893999654158694,29,42.1451811759391,False,False,False
2024-05-30,0.0,False,0.04,0.007623007623007706,29,46.37265989364129,False,False,False
2024-05-31,0.0,False,0.04,0.004160887656033521,29,46.37265989364129,False,False,False
2024-06-03,1.0,False,0.04,-0.0015595217466643,29,51.7096636190714,False,False,False
2024-06-04,1.0,False,0.04,-0.006411367180731229,29,53.7355332161809,False,False,False
2024-06-05,1.0,False,0.04,-0.011613797885248734,29,53.7355332161809,False,False,False
2024-06-06,1.0,False,0.04,-0.009365244536940811,29,46.63388041343632,False,False,False
2024-06-07,1.0,False,0.04,-0.0046899426784784365,29,43.4738676168583,False,False,False
2024-06-11,1.0,False,0.04,-0.0048543689320387625,29,56.45651238409009,False,False,False
2024-06-12,1.0,False,0.04,-0.007084845343010106,29,55.292410832460746,False,False,False
2024-06-13,1.0,False,0.04,-0.014307877952077377,29,58.140691681384695,False,False,False
2024-06-14,1.0,False,0.04,-0.010837777395492814,29,53.172272791269165,False,False,False
2024-06-17,1.0,False,0.04,-0.009095589497168497,29,55.27439020644207,False,False,False
2024-06-18,1.0,False,0.04,-0.005483207676490828,29,53.942562176946424,False,False,False
2024-06-19,1.0,False,0.04,-0.0030811365970558058,29,49.969349381941164,False,False,False
2024-06-20,1.0,False,0.04,-0.001710571330824421,29,53.71911877084537,False,False,False
2024-06-21,1.0,False,0.04,-0.0029054862416682263,29,57.2441025335518,False,False,False
2024-06-24,0.0,False,0.04,0.0005134348793428608,29,41.996968286664675,False,False,False
2024-06-25,0.0,False,0.04,0.015278969957081577,29,30.866486077897562,False,False,False
2024-06-26,0.0,False,0.04,0.027491408934707962,29,41.521727135964305,False,False,False
2024-06-27,0.0,False,0.04,0.03400655964094602,29,35.50267139196869,False,False,False
2024-06-28,0.0,False,0.04,0.03070251517779702,29,34.40542891343347,False,False,False
2024-07-01,0.0,False,0.04,0.03436246293389155,29,33.83037172183779,False,False,False
2024-07-02,0.0,False,0.04,0.035983851149727936,29,29.4924859118414,False,False,False
2024-07-03,0.0,False,0.04,0.03426351112681042,29,33.03447002477385,False,False,False
2024-07-04,0.0,False,0.04,0.03683929524826479,29,28.336860837413937,False,False,False
2024-07-05,0.0,False,0.04,0.030975828111011447,29,35.104335653979334,False,False,False
2024-07-08,0.0,False,0.04,0.028860028860028687,29,32.830741529949236,False,False,False
2024-07-09,0.0,False,0.04,0.013609145345672244,29,43.83463006303808,False,False,False
2024-07-10,0.0,False,0.04,0.00491713713349099,29,43.83463006303808,False,False,False
2024-07-11,1.0,False,0.04,-0.007099945385035444,29,49.314876326966825,False,False,False
2024-07-12,1.0,False,0.04,-0.013488880787459079,29,50.2056209444512,False,False,False
2024-07-15,1.0,False,0.04,-0.01640539555231512,29,47.45357564447987,False,False,False
2024-07-16,1.0,False,0.04,-0.020007275372862957,29,56.247412562213626,False,False,False
2024-07-17,1.0,False,0.04,-0.02214156079854795,29,55.23067636476288,False,False,False
2024-07-18,1.0,False,0.04,-0.026567865534068404,29,57.75088936394194,False,False,False
2024-07-19,1.0,False,0.04,-0.02966025525795443,29,64.97944004652022,False,False,False
2024-07-22,1.0,False,0.04,-0.03230412279136178,29,65.62636193266405,False,False,False
2024-07-23,1.0,False,0.04,-0.023851904592381613,29,47.346803262499755,False,False,False
2024-07-24,1.0,False,0.04,-0.0055032842180008125,29,44.47780801834546,False,False,False
2024-07-25,0.0,False,0.04,0.01153095618236642,29,44.47780801834546,False,False,False
2024-07-26,0.0,False,0.04,0.01346562721474137,29,47.3718441713079,False,False,False
2024-07-29,0.0,False,0.04,0.015788540003548138,29,41.08940090644865,False,False,False
2024-07-30,0.0,False,0.04,0.01687089326940156,29,43.16229682654897,False,False,False
2024-07-31,0.0,False,0.04,0.008849557522124097,29,60.135279044189154,False,False,False
2024-08-01,1.0,False,0.04,-0.004950495049504876,29,57.55710724141729,False,False,False
2024-08-02,1.0,False,0.04,-0.012908930150309453,29,51.12731517390169,False,False,False
2024-08-05,0.0,False,0.04,0.0015965939329431152,29,42.0785473980886,False,False,False
2024-08-06,0.0,False,0.04,0.009618810117563124,29,45.8440040818512,False,False,False
2024-08-07,0.0,False,0.04,0.012884753042233368,29,44.56913641489493,False,False,False
2024-08-08,0.0,False,0.04,0.009496506002508301,29,44.56913641489493,False,False,False
2024-08-09,0.0,False,0.04,0.010937780168549507,29,43.83169720388631,False,False,False
2024-08-12,0.0,False,0.04,0.010945630719540632,29,43.83169720388631,False,False,False
2024-08-13,0.0,False,0.04,0.008798707128748416,29,47.01412626903034,False,False,False
2024-08-14,0.0,False,0.04,0.011139058569888699,29,41.0451632436022,False,False,False
2024-08-15,0.0,False,0.04,0.0109613656783468,29,45.40228431985141,False,False,False
2024-08-16,0.0,False,0.04,0.010108303249097441,29,43.628843982158806,False,False,False
2024-08-19,0.0,False,0.04,0.0047118521203334185,29,43.628843982158806,False,False,False
2024-08-20,0.0,False,0.04,0.007458613789339787,29,37.43610286481433,False,False,False
2024-08-21,0.0,False,0.04,0.01184186554928029,29,36.61930616242198,False,False,False
2024-08-22,0.0,False,0.04,0.016992508678969682,29,34.15977523422761,False,False,False
2024-08-23,0.0,False,0.04,0.017402454662026046,29,34.159775234227595,False,False,False
2024-08-26,0.0,False,0.04,0.018743109151047425,29,31.59228617377235,False,False,False
2024-08-27,0.0,False,0.04,0.020844862571481437,29,27.766225300413666,False,False,False
2024-08-28,0.0,False,0.04,0.024082993701370816,29,26.36149320984464,False,False,False
2024-08-29,0.0,False,0.04,0.0217593453598663,29,35.355276823279524,False,False,False
2024-08-30,0.0,False,0.04,0.01247439955315595,29,46.79255173581432,False,False,False
2024-09-02,0.0,False,0.04,0.008227374719521282,29,35.5497985887487,False,False,False
2024-09-03,0.0,False,0.04,0.0063789868667917925,29,39.25472057555342,False,False,False
2024-09-04,0.0,False,0.04,0.011676082862523633,29,37.66684853898392,False,False,False
2024-09-05,0.0,False,0.04,0.009063444108761337,29,36.84708345284062,False,False,False
2024-09-06,0.0,False,0.04,0.012317604699640104,29,32.21914030116129,False,False,False
2024-09-09,0.0,False,0.04,0.017503805175038026,29,28.892667502640236,False,False,False
2024-09-10,0.0,False,0.04,0.01966024050391296,29,34.815094809169494,False,False,False
2024-09-11,0.0,False,0.04,0.0166443466615649,29,37.67033616846272,False,False,False
2024-09-12,0.0,False,0.04,0.01245926777841662,29,35.131272382616174,False,False,False
2024-09-13,0.0,False,0.04,0.014604150653343511,29,31.267522370496025,False,False,False
2024-09-18,0.0,False,0.04,0.018518518518518535,29,29.824284709550682,False,False,False
2024-09-19,0.0,False,0.04,0.018033740546829633,29,31.56171032849865,False,False,False
2024-09-20,0.0,False,0.04,0.017311807041431666,29,29.931404255134282,False,False,False
2024-09-23,0.0,False,0.04,0.016803438843298265,29,26.87709111065587,False,False,False
2024-09-24,0.0,False,0.04,0.008607198748043785,29,48.53871629966361,False,False,False
2024-09-25,1.0,False,0.04,-0.0015661707126076322,29,49.6328894178121,True,False,True
2024-09-26,1.0,False,0.04,-0.02360054612834029,29,63.96172800810836,False,False,False
2024-09-27,1.0,False,0.04,-0.053970701619121146,29,78.56265517850495,False,False,False
2024-09-30,1.0,False,0.04,-0.13665293897416703,29,90.11359803709213,False,False,False
2024-10-08,1.0,False,0.04,-0.2610942790946357,29,94.235042014947,False,False,False
2024-10-09,1.0,False,0.04,-0.3232669869595058,29,77.52357925293296,False,False,False
2024-10-10,1.0,False,0.04,-0.3027736256435806,29,70.29346768645391,False,False,False
2024-10-11,1.0,False,0.04,-0.19340232858990947,29,63.145268246579164,False,False,False
2024-10-14,1.0,False,0.04,-0.13081761006289336,29,64.86474211815883,False,False,False
2024-10-15,1.0,False,0.04,-0.0809815950920244,29,60.84963220579872,False,False,False
2024-10-16,1.0,False,0.04,-0.04587706146926531,29,57.78919412905935,False,False,False
2024-10-17,1.0,False,0.04,-0.007198472161010714,29,58.1201918229762,False,False,False
2024-10-18,1.0,False,0.04,-0.011546685673556722,29,68.0434867321703,False,False,False
2024-10-21,1.0,False,0.04,-0.028698183834742805,29,68.83325714731276,False,False,False
2024-10-22,1.0,False,0.04,-0.04508419337316667,29,66.25997512041928,False,False,False
2024-10-23,1.0,False,0.04,-0.03465947403910987,29,65.4524998247528,False,False,False
2024-10-24,1.0,False,0.04,-0.03566566839096113,29,64.58670735240727,False,False,False
2024-10-25,1.0,False,0.04,-0.038005721291377366,29,66.06790228036567,False,False,False
2024-10-28,1.0,False,0.04,-0.0374796306355242,29,65.73187687268842,False,False,False
2024-10-29,1.0,False,0.04,-0.030499325236167215,29,62.580807557628866,False,False,False
2024-10-30,1.0,False,0.04,-0.016283138204817835,29,58.791668284900744,False,False,False
2024-10-31,1.0,False,0.04,-0.0030761000401230616,29,60.46720876408423,False,False,False
2024-11-01,0.0,False,0.04,0.014230615773374145,29,54.230175610780066,False,False,False
2024-11-04,0.0,False,0.04,0.022069512356283898,29,56.42743546031584,False,False,False
2024-11-05,0.0,False,0.04,0.013076211861048705,29,63.2245012650618,False,False,False
2024-11-06,1.0,False,0.04,-0.006342494714587744,29,63.22450126506179,False,False,False
2024-11-07,1.0,False,0.04,-0.028827168619191768,29,67.97412662361,False,False,False
2024-11-08,1.0,False,0.04,-0.035658101730466615,29,67.53799362984446,False,False,False
2024-11-11,1.0,False,0.04,-0.053179040436874124,29,73.05332039538251,False,False,False
2024-11-12,1.0,False,0.04,-0.05535437144335241,29,67.40611929287853,False,False,False
2024-11-13,1.0,False,0.04,-0.05902018773305903,29,68.03339772984319,False,False,False
2024-11-14,1.0,False,0.04,-0.0390474971194469,29,59.619214538200374,False,False,False
2024-11-15,1.0,False,0.04,-0.01494062061039447,29,50.954145570887256,False,False,False
2024-11-18,0.0,False,0.04,0.014300306435137853,29,47.3226248860409,False,False,False
2024-11-19,0.0,False,0.04,0.027823656460424322,29,53.41016214687334,False,False,False
2024-11-20,0.0,False,0.04,0.0272048589143362,29,53.70441438704605,False,False,False
2024-11-21,0.0,False,0.04,0.015166835187057814,29,55.258592921962205,False,False,False
2024-11-22,0.0,False,0.04,0.023179227359088176,29,46.35691494806911,False,False,False
2024-11-25,0.0,False,0.04,0.03172378646961403,29,44.24603380069014,False,False,False
2024-11-26,0.0,True,0.04,0.044615384615384654,29,43.01485162103714,False,False,True
2024-11-27,0.0,False,0.04,0.032024793388429666,29,51.225802940012365,False,False,False
2024-11-28,0.0,False,0.04,0.01805429276529411,29,50.4981781218786,False,False,False
2024-11-29,1.0,False,0.04,-0.004825877135776695,29,55.99828360846725,False,False,False
2024-12-02,1.0,False,0.04,-0.015665796344647535,29,57.61704836778825,False,False,False
2024-12-03,1.0,False,0.04,-0.021121251629726313,29,54.11331589340278,False,False,False
2024-12-04,1.0,False,0.04,-0.015476654961633356,29,52.78913168761459,False,False,False
2024-12-05,1.0,False,0.04,-0.010663198959687944,29,53.62139992040035,False,False,False
2024-12-06,1.0,False,0.04,-0.012862154086007502,29,56.56908471735877,False,False,False
2024-12-09,1.0,False,0.04,-0.014948654621084015,29,53.37082854624567,False,False,False
2024-12-10,1.0,False,0.04,-0.014507772020725342,29,55.66834926608973,False,False,False
2024-12-11,1.0,False,0.04,-0.008771929824561469,29,54.48708254461106,False,False,False
2024-12-12,1.0,False,0.04,-0.006034150725381968,29,55.012129030644665,False,False,False
2024-12-13,0.0,False,0.04,0.0010266940451744248,29,47.74206535074269,False,False,False
2024-12-16,0.0,False,0.04,0.011946050096339166,29,41.682685983532345,False,False,False
2024-12-17,0.0,False,0.04,0.022944057746842016,29,39.829156574564244,False,False,False
2024-12-18,0.0,False,0.04,0.023267838676318528,29,46.38546024284193,False,False,False
2024-12-19,0.0,False,0.04,0.016045548654244263,29,49.98245085642494,False,False,False
2024-12-20,0.0,False,0.04,0.002844582363589549,29,55.94323562527642,False,False,False
2024-12-23,1.0,False,0.04,-0.0031039834454216274,29,52.209995385357686,False,False,False
2024-12-24,1.0,False,0.04,-0.00995990169447672,29,56.47043224580262,False,False,False
2024-12-25,1.0,False,0.04,-0.011113982941328489,29,57.512066758104375,False,False,False
2024-12-26,1.0,False,0.04,-0.018332042344435882,29,60.62165181609214,False,False,False
2024-12-27,1.0,False,0.04,-0.019992261060234953,29,58.27586649704994,False,False,False
2024-12-30,1.0,False,0.04,-0.020750096661940918,29,58.27586649704994,False,False,False
2024-12-31,1.0,False,0.04,-0.009153023075931438,29,44.41271589928567,False,False,False
2025-01-02,0.0,False,0.04,0.010586108959462987,29,34.84003178283153,False,False,False
2025-01-03,0.0,False,0.04,0.033626487325401015,29,32.28825652688738,False,False,False
2025-01-06,0.0,True,0.04,0.04672897196261686,29,30.86718624245782,False,False,True
2025-01-07,0.0,True,0.04,0.04110301768990633,29,43.23415512770401,False,False,True
2025-01-08,0.0,False,0.04,0.030809399477806875,29,42.76663075966883,False,False,False
2025-01-09,0.0,False,0.04,0.020301244269809945,29,41.293068887126445,False,False,False
2025-01-10,0.0,False,0.04,0.020537124802527663,29,38.38348786243299,False,False,False
2025-01-13,0.0,False,0.04,0.019986763732627488,29,38.38348786243299,False,False,False
2025-01-14,0.0,False,0.04,0.009032943676939669,29,52.01937288487203,False,False,False
2025-01-15,1.0,False,0.04,-0.0035995200639916043,29,50.18680646224299,False,False,False
2025-01-16,1.0,False,0.04,-0.01112451414019553,29,42.971000291304804,False,False,False
2025-01-17,1.0,False,0.04,-0.007252215954875197,29,46.2411284887352,False,False,False
2025-01-20,1.0,False,0.04,-0.0025493090030859035,29,46.910854916766695,False,False,False
2025-01-21,1.0,False,0.04,-0.005888650963597316,29,50.315199652930076,False,False,False
2025-01-22,1.0,False,0.04,-0.006004002668445502,29,50.315199652930076,False,False,False
2025-01-23,1.0,False,0.04,-0.006004002668445502,29,46.692283491409654,False,False,False
2025-01-24,1.0,False,0.04,-0.004800000000000004,29,49.868791331100375,False,False,False
2025-01-27,0.0,False,0.04,0.0016008537886873012,29,41.67398297039401,False,False,False
2025-02-05,1.0,False,0.04,-0.000665335994677416,29,53.56492956591345,True,False,True
2025-02-06,1.0,False,0.04,-0.008341056533827582,29,62.870972419901435,False,False,False
2025-02-07,1.0,False,0.04,-0.026927138331573414,29,64.90684433293846,False,False,False
2025-02-10,1.0,False,0.04,-0.0407144733385867,29,69.34446077808113,False,False,False
2025-02-11,1.0,False,0.04,-0.03957163379913803,29,63.45972520668823,False,False,False
2025-02-12,1.0,False,0.04,-0.04036340038935778,29,67.27792548340528,False,False,False
2025-02-13,1.0,False,0.04,-0.030874564009817893,29,59.726339609121,False,False,False
2025-02-14,1.0,False,0.04,-0.02586539698880477,29,59.063384829582624,False,False,False
2025-02-17,1.0,False,0.04,-0.01920614596670945,29,63.11646958356135,False,False,False
2025-02-18,1.0,False,0.04,-0.01148252105128869,29,52.878318190241885,False,False,False
2025-02-19,1.0,False,0.04,-0.010537006474546171,29,59.6311933566774,False,False,False
2025-02-20,1.0,False,0.04,-0.0031537782263152824,29,59.0110350045479,False,False,False
2025-02-21,1.0,False,0.04,-0.02100000000000002,29,71.87905412148021,False,False,False
2025-02-24,1.0,False,0.04,-0.03499627699180933,29,72.817745658109,False,False,False
2025-02-25,1.0,False,0.04,-0.050295857988165556,29,73.06499928051613,False,False,False
2025-02-26,1.0,False,0.04,-0.05239960822722814,29,76.37447620918172,False,False,False
2025-02-27,1.0,False,0.04,-0.05222249210590226,29,76.82199680768794,False,False,False
2025-02-28,1.0,False,0.04,-0.042130750605326915,29,58.52894308122817,False,False,False
2025-03-03,1.0,False,0.04,-0.020393387233015408,29,53.829042177545496,False,False,False
2025-03-04,1.0,False,0.04,-0.001321321321321176,29,57.57634497355773,False,False,False
2025-03-05,0.0,False,0.04,0.001436093824796714,29,58.32055330686979,False,False,False
2025-03-06,1.0,False,0.04,-0.0072386377121158125,29,66.15714721357884,False,False,False
2025-03-07,1.0,False,0.04,-0.009676658012744744,29,61.39541173224964,False,False,False
2025-03-10,1.0,False,0.04,-0.010328638497652696,29,60.33388734468453,False,False,False
2025-03-11,1.0,False,0.04,-0.003754106053496067,29,59.20781630635444,False,False,False
2025-03-12,1.0,False,0.04,-0.00011738466956214226,29,56.31727735881523,False,False,False
2025-03-13,0.0,False,0.04,0.008120513122278497,29,48.05855033573071,False,False,False
2025-03-14,0.0,False,0.04,0.009559778118730133,29,53.66438564728181,False,False,False
2025-03-17,0.0,False,0.04,0.009117821195973735,29,52.62316054087378,False,False,False
2025-03-18,0.0,False,0.04,0.003905787667179433,29,53.61318451920847,False,False,False
2025-03-19,0.0,False,0.04,0.007685940640889147,29,50.154555703741075,False,False,False
2025-03-20,0.0,False,0.04,0.011837121212121484,29,46.3197934806254,False,False,False
2025-03-21,0.0,False,0.04,0.022802850356294556,29,38.463459122721616,False,False,False
2025-03-24,0.0,False,0.04,0.02675585284280944,29,41.05126439506019,False,False,False
2025-03-25,0.0,False,0.04,0.03135135135135126,29,37.574945905004114,False,False,False
2025-03-26,0.0,False,0.04,0.029116829769240234,29,36.30669920674984,False,False,False
2025-03-27,0.0,False,0.04,0.02683015661041637,29,40.70935027312391,False,False,False
2025-03-28,0.0,False,0.04,0.023057216054654207,29,38.28360719230083,False,False,False
2025-03-31,0.0,False,0.04,0.021917472756214064,29,35.49199567528278,False,False,False
2025-04-01,0.0,False,0.04,0.022276923076923083,29,35.49199567528278,False,False,False
2025-04-02,0.0,False,0.04,0.02003462775166965,29,36.426862811662865,False,False,False
2025-04-03,0.0,False,0.04,0.016042780748662992,29,34.2433052713678,False,False,False
2025-04-07,0.0,False,0.04,0.03474320241691846,29,17.505902575638856,False,True,True
2025-04-08,0.0,True,0.04,0.05292620865139959,29,21.852443119052808,False,True,True
2025-04-09,0.0,True,0.04,0.06204426250479722,29,36.55989481201493,False,False,True
2025-04-10,0.0,False,0.04,0.0374084072502894,29,41.13013493361064,False,False,False
2025-04-11,0.0,False,0.04,0.010819165378670798,29,47.99820746973777,False,False,False
2025-04-14,1.0,False,0.04,-0.0034825228943634323,29,48.439332589497894,False,False,False
2025-04-15,1.0,False,0.04,-0.011642949547218725,29,45.87114360905829,False,False,False
2025-04-16,1.0,False,0.04,-0.012960082944530974,29,47.89692963070355,False,False,False
2025-04-17,1.0,False,0.04,-0.014135650369601864,29,49.457472219447695,False,False,False
2025-04-18,1.0,False,0.04,-0.01687873279667606,29,47.37631445604749,False,False,False
2025-04-21,1.0,False,0.04,-0.02039225873490064,29,51.31959775733007,False,False,False
2025-04-22,1.0,False,0.04,-0.021044427123928223,29,50.138800596696974,False,False,False
2025-04-23,1.0,False,0.04,-0.01496388028895776,29,48.30493500207927,False,False,False
2025-04-24,1.0,False,0.04,-0.004233483001924528,29,45.26937058741139,False,False,False
2025-04-25,0.0,False,0.04,0.002687827979009388,29,44.65204821463028,False,False,False
2025-04-28,0.0,False,0.04,0.007288070579209699,29,43.99215227568524,False,False,False
2025-04-29,0.0,False,0.04,0.007037747920665294,29,44.88807862206339,False,False,False
2025-04-30,0.0,False,0.04,0.004223729681300272,29,49.34474967051622,False,False,False
2025-05-06,1.0,False,0.04,-0.0021719688258593065,29,56.995463824140536,True,False,True
2025-05-07,1.0,False,0.04,-0.009312412297487088,29,58.37845185388513,False,False,False
2025-05-08,1.0,False,0.04,-0.013510068824878789,29,56.38387063968213,False,False,False
2025-05-09,1.0,False,0.04,-0.007902115727759345,29,46.72541494159739,False,False,False
2025-05-12,1.0,False,0.04,-0.0033154807447079567,29,49.329352209433736,False,False,False
2025-05-13,0.0,False,0.04,0.0012758356723654289,29,47.62239323054243,False,False,False
2025-05-14,1.0,False,0.04,-0.0005102040816327668,29,50.451393945978964,False,False,False
2025-05-15,0.0,False,0.04,0.00293404771016713,29,43.551369352904395,False,False,False
2025-05-16,0.0,False,0.04,0.0070197830248883986,29,40.50456785064444,False,False,False
2025-05-19,0.0,False,0.04,0.012768130745658959,29,40.50456785064444,False,False,False
2025-05-20,0.0,False,0.04,0.013537675606640995,29,42.92046343123699,False,False,False
2025-05-21,0.0,False,0.04,0.01201738685758122,29,41.982838759467064,False,False,False
2025-05-22,0.0,False,0.04,0.011155276317476736,29,37.4796251143673,False,False,False
2025-05-23,0.0,False,0.04,0.013000386150083606,29,33.52412918993815,False,False,False
2025-05-26,0.0,False,0.04,0.0134297520661156,29,37.8529551091024,False,False,False
2025-05-27,0.0,False,0.04,0.015799015799015784,29,31.782097352901403,False,False,False
2025-05-28,0.0,False,0.04,0.01598440545808964,29,30.43957493957066,False,False,False
2025-05-29,0.0,False,0.04,0.014062500000000012,29,43.553647060652274,False,False,False
2025-05-30,0.0,False,0.04,0.009926854754440911,29,38.734035648657574,False,False,False
2025-06-03,0.0,False,0.04,0.00457935365694101,29,42.24891432576707,False,False,False
2025-06-04,0.0,False,0.04,0.003797302605735167,29,45.67711753154345,False,False,False
2025-06-05,1.0,False,0.04,-0.002487887914102471,29,51.951984711362144,False,False,False
2025-06-06,1.0,False,0.04,-0.0066815144766148365,29,49.84102415058364,False,False,False
2025-06-09,1.0,False,0.04,-0.011132940406025055,29,54.88247917617933,False,False,False
2025-06-10,1.0,False,0.04,-0.007469532171405982,29,44.14496441569378,False,False,False
2025-06-11,1.0,False,0.04,-0.003800288297733037,29,43.29786088228994,False,False,False
2025-06-12,0.0,False,0.04,0.0032786885245901527,29,40.71934368937232,False,False,False
2025-06-13,0.0,False,0.04,0.006820566631689524,29,38.21588625482606,False,False,False
2025-06-16,0.0,False,0.04,0.010098360655737642,29,38.21588625482605,False,False,False
2025-06-17,0.0,False,0.04,0.01248193404283294,29,34.000314410553955,False,False,False
2025-06-18,0.0,False,0.04,0.012884564817249521,29,38.479281718163286,False,False,False
2025-06-19,0.0,False,0.04,0.014485119831445688,29,34.99602002286217,False,False,False
2025-06-20,0.0,False,0.04,0.014255543822597864,29,32.564084955951955,False,False,False
2025-06-23,0.0,False,0.04,0.013633355393779039,29,37.3528888534316,False,False,False
2025-06-24,0.0,False,0.04,0.007156109196925441,29,50.2950515782336,False,False,False
2025-06-25,1.0,False,0.04,-0.006362672322375226,29,60.94517102059469,True,False,True
2025-06-26,1.0,False,0.04,-0.015233805802092904,29,56.50582021828589,False,False,False
2025-06-27,1.0,False,0.04,-0.01826846703733114,29,55.39615373064712,False,False,False
2025-06-30,1.0,False,0.04,-0.0184891706286317,29,63.31977881203613,False,False,False
2025-07-01,1.0,False,0.04,-0.018450184501845095,29,57.683814093648934,False,False,False
2025-07-02,1.0,False,0.04,-0.01579778830963684,29,49.871277918863946,False,False,False
2025-07-03,1.0,False,0.04,-0.00801471554329277,29,51.67129219636092,False,False,False
2025-07-04,1.0,False,0.04,-0.002493111140270381,29,49.707898446955596,False,False,False
2025-07-07,0.0,False,0.04,0.0009173109684183674,29,45.873130074497666,False,False,False
2025-07-08,0.0,False,0.04,0.0022213511041420963,29,54.551002241810785,False,False,False
2025-07-09,0.0,False,0.04,0.00443516827550225,29,48.81209495587643,False,False,False
2025-07-10,0.0,False,0.04,0.003259877428608673,29,48.81209495587643,False,False,False
2025-07-11,0.0,False,0.04,0.001303780964797944,29,57.771280093086716,False,False,False
2025-07-14,1.0,False,0.04,-0.0020855057351407153,29,54.6167069146063,False,False,False
2025-07-15,1.0,False,0.04,-0.0057321521625847425,29,55.50752014513023,False,False,False
2025-07-16,1.0,False,0.04,-0.005866249511145923,29,56.447876943381225,False,False,False
2025-07-17,1.0,False,0.04,-0.009248404324605814,29,61.77935906598116,False,False,False
2025-07-18,1.0,False,0.04,-0.011440457618304858,29,62.618314593357645,False,False,False
2025-07-21,1.0,False,0.04,-0.013755515182974347,29,63.49962913579935,False,False,False
2025-07-22,1.0,False,0.04,-0.014624045554548925,29,67.68931031574373,False,False,False
2025-07-23,1.0,False,0.04,-0.015217952024761455,29,69.24271418868724,False,False,False
2025-07-24,1.0,False,0.04,-0.01992031872509946,29,75.15529619924443,False,False,False
2025-07-25,1.0,False,0.04,-0.026191388782419663,29,80.96829665413772,False,False,False
2025-07-28,1.0,False,0.04,-0.03175006350012705,29,81.33776690536851,False,False,False
2025-07-29,1.0,False,0.04,-0.037747759121322944,29,84.62175314995785,False,False,False
2025-07-30,1.0,False,0.04,-0.033781238226798904,29,73.27489565436433,False,False,False
2025-07-31,1.0,False,0.04,-0.026513256628314236,29,63.85622694951823,False,False,False
2025-08-01,1.0,False,0.04,-0.012216404886562103,29,57.733866373723366,False,False,False
2025-08-04,1.0,False,0.04,-0.005342278543918573,29,62.36461766910924,False,False,False
2025-08-05,1.0,False,0.04,-0.004455445544554459,29,65.34763935312029,False,False,False
2025-08-06,1.0,False,0.04,-0.00813408922849405,29,67.6070406620545,False,False,False
2025-08-07,1.0,False,0.04,-0.008229947180936241,29,65.26651366732179,False,False,False
2025-08-08,1.0,False,0.04,-0.0031870556508948023,29,56.63892542385378,False,False,False
2025-08-11,0.0,False,0.04,0.0012239902080782006,29,59.57780365555709,False,False,False
2025-08-12,1.0,False,0.04,-0.000977995110024505,29,66.45530629046,True,False,True
2025-08-13,1.0,False,0.04,-0.009395973154362193,29,69.56251790540935,False,False,False
2025-08-14,1.0,False,0.04,-0.018527547537786352,29,71.49856181156004,False,False,False
2025-08-15,1.0,False,0.04,-0.02526724975704548,29,76.09765641345311,False,False,False
2025-08-18,1.0,False,0.04,-0.03380009657170446,29,81.00247164564732,False,False,False
2025-08-19,1.0,False,0.04,-0.036717062634988994,29,72.78757494497256,False,False,False
2025-08-20,1.0,False,0.04,-0.043333333333333154,29,79.39586108055263,False,False,False
2025-08-21,1.0,False,0.04,-0.043252186244386634,29,79.63241275572426,False,False,False
2025-08-22,1.0,False,0.04,-0.07147846332945289,29,89.18929576438647,False,False,False
